ID,order_ID,phase,measureType,value,unit,lowerLimit,upperLimit,passed,measuredAt
7c4e0967-46a9-4bb4-95cd-3e4693cbaa6b,6ce1ace2-665b-4646-9eea-a1054d81b54b,INLINE,LEAKAGE,0.451,mbar/s,0.000,1.000,true,2026-06-02T06:40:00Z
aa571112-8dc6-4d3b-a90f-a08635673238,6ce1ace2-665b-4646-9eea-a1054d81b54b,INLINE,VDE_PE,0.187,Ohm,0.000,0.300,true,2026-06-02T06:40:00Z
23c998f7-7ff1-4f24-a18d-8fa677067034,6ce1ace2-665b-4646-9eea-a1054d81b54b,INLINE,FIRST_RUN,9.650,bar,9.500,10.500,true,2026-06-02T06:40:00Z
995197da-d644-492a-b482-f28bcb3d82f1,6ce1ace2-665b-4646-9eea-a1054d81b54b,TEST_ROOM,CURRENT_L1,10.030,A,0.000,11.000,true,2026-06-02T06:40:00Z
4fbd8910-8207-4e72-873c-02db253fe43d,6ce1ace2-665b-4646-9eea-a1054d81b54b,TEST_ROOM,CURRENT_L2,9.850,A,0.000,11.000,true,2026-06-02T06:40:00Z
d80a4e34-3a7b-428e-8193-05a73f2774f9,6ce1ace2-665b-4646-9eea-a1054d81b54b,TEST_ROOM,CURRENT_L3,9.990,A,0.000,11.000,true,2026-06-02T06:40:00Z
2f165ee0-853e-449c-a2a6-ec638ccf1e6d,6ce1ace2-665b-4646-9eea-a1054d81b54b,TEST_ROOM,NOISE,86.969,dB,0.000,100.000,true,2026-06-02T06:40:00Z
8d541487-fc78-4da9-8024-1ed53cbec022,97a76885-f41a-48a1-b6d1-00eb57ced37f,INLINE,LEAKAGE,0.292,mbar/s,0.000,1.000,true,2026-06-02T06:58:00Z
bf19e00e-e83c-4169-9d5b-2d5a52efb0b0,97a76885-f41a-48a1-b6d1-00eb57ced37f,INLINE,VDE_PE,0.169,Ohm,0.000,0.300,true,2026-06-02T06:58:00Z
bdf0572d-5a9c-4023-b74c-55c9a493ce66,97a76885-f41a-48a1-b6d1-00eb57ced37f,INLINE,FIRST_RUN,9.928,bar,9.500,10.500,true,2026-06-02T06:58:00Z
ce80acbc-04b3-471f-b334-740210ed2633,97a76885-f41a-48a1-b6d1-00eb57ced37f,TEST_ROOM,CURRENT_L1,9.730,A,0.000,11.000,true,2026-06-02T06:58:00Z
f996330d-fde0-47e8-ab2f-ca3b08b87244,97a76885-f41a-48a1-b6d1-00eb57ced37f,TEST_ROOM,CURRENT_L2,9.970,A,0.000,11.000,true,2026-06-02T06:58:00Z
aec71416-8e4d-4108-a755-fa71446ac99e,97a76885-f41a-48a1-b6d1-00eb57ced37f,TEST_ROOM,CURRENT_L3,9.810,A,0.000,11.000,true,2026-06-02T06:58:00Z
9a34e01b-fa82-4d91-b7d0-349e9dde3aba,97a76885-f41a-48a1-b6d1-00eb57ced37f,TEST_ROOM,NOISE,85.260,dB,0.000,100.000,true,2026-06-02T06:58:00Z
5b65b29b-8f1d-428f-9bd5-10b99fce8617,831f6d19-9bb6-4d84-8c0c-0f1ca309ef20,INLINE,LEAKAGE,0.233,mbar/s,0.000,1.000,true,2026-06-02T07:16:00Z
6302e7e6-45bf-4e08-a111-0a30cf0fffea,831f6d19-9bb6-4d84-8c0c-0f1ca309ef20,INLINE,VDE_PE,0.224,Ohm,0.000,0.300,true,2026-06-02T07:16:00Z
48e843e4-9398-4bf8-b5ca-4927aa0a5029,831f6d19-9bb6-4d84-8c0c-0f1ca309ef20,INLINE,FIRST_RUN,9.896,bar,9.500,10.500,true,2026-06-02T07:16:00Z
8f225bcc-a32d-4253-9036-533d27d6cf12,831f6d19-9bb6-4d84-8c0c-0f1ca309ef20,TEST_ROOM,CURRENT_L1,9.690,A,0.000,11.000,true,2026-06-02T07:16:00Z
133b0ee5-b3dd-44e1-b023-b6d208c10472,831f6d19-9bb6-4d84-8c0c-0f1ca309ef20,TEST_ROOM,CURRENT_L2,9.810,A,0.000,11.000,true,2026-06-02T07:16:00Z
3c814b0f-ef8f-4f0d-a4b9-28b73323d829,831f6d19-9bb6-4d84-8c0c-0f1ca309ef20,TEST_ROOM,CURRENT_L3,9.490,A,0.000,11.000,true,2026-06-02T07:16:00Z
654dd8f1-f1fe-4a56-89ba-63b0a733b592,831f6d19-9bb6-4d84-8c0c-0f1ca309ef20,TEST_ROOM,NOISE,87.429,dB,0.000,100.000,true,2026-06-02T07:16:00Z
80df33bc-b002-44ec-a306-b0a373d0cdb9,f988d12e-47e2-4aa2-b6fe-fd6990383045,INLINE,LEAKAGE,0.149,mbar/s,0.000,1.000,true,2026-06-02T07:34:00Z
d06b22de-7f6c-42a2-8f0e-d35a5e266a03,f988d12e-47e2-4aa2-b6fe-fd6990383045,INLINE,VDE_PE,0.131,Ohm,0.000,0.300,true,2026-06-02T07:34:00Z
29e202ec-6483-4b3f-8ce5-c1d6fe9dbad5,f988d12e-47e2-4aa2-b6fe-fd6990383045,INLINE,FIRST_RUN,8.136,bar,9.500,10.500,false,2026-06-02T07:34:00Z
62ef9fb7-26fb-4807-807c-e813c90ad5fe,f988d12e-47e2-4aa2-b6fe-fd6990383045,TEST_ROOM,CURRENT_L1,12.633,A,0.000,11.000,false,2026-06-02T07:34:00Z
d91aeedd-b30a-4b53-82ca-be8c2dd1c11f,f988d12e-47e2-4aa2-b6fe-fd6990383045,TEST_ROOM,CURRENT_L2,9.409,A,0.000,11.000,true,2026-06-02T07:34:00Z
62963325-5c2f-4073-9271-2c5e37f0a2eb,f988d12e-47e2-4aa2-b6fe-fd6990383045,TEST_ROOM,CURRENT_L3,9.693,A,0.000,11.000,true,2026-06-02T07:34:00Z
2f2af422-f17a-4e51-a7d7-e970dbed57e3,f988d12e-47e2-4aa2-b6fe-fd6990383045,TEST_ROOM,NOISE,97.950,dB,0.000,100.000,true,2026-06-02T07:34:00Z
a9298125-12c2-4493-a23c-f2570ded77ca,eb079648-d9ab-4524-88d0-93d4726c220e,INLINE,LEAKAGE,0.140,mbar/s,0.000,1.000,true,2026-06-02T07:52:00Z
c99cb375-3354-4b89-a838-a053a83bfd7e,eb079648-d9ab-4524-88d0-93d4726c220e,INLINE,VDE_PE,0.087,Ohm,0.000,0.300,true,2026-06-02T07:52:00Z
b6b2a7e2-71ae-4add-a0ad-d12a1044b664,eb079648-d9ab-4524-88d0-93d4726c220e,INLINE,FIRST_RUN,10.017,bar,9.500,10.500,true,2026-06-02T07:52:00Z
b75ff4a4-e452-4f23-ab3e-b72d13a7cd88,eb079648-d9ab-4524-88d0-93d4726c220e,TEST_ROOM,CURRENT_L1,10.148,A,0.000,11.000,true,2026-06-02T07:52:00Z
e3095439-802e-4bb0-81b7-b8b95dd8ba40,eb079648-d9ab-4524-88d0-93d4726c220e,TEST_ROOM,CURRENT_L2,9.644,A,0.000,11.000,true,2026-06-02T07:52:00Z
e0bdda9c-6429-4203-8661-13271596c50f,eb079648-d9ab-4524-88d0-93d4726c220e,TEST_ROOM,CURRENT_L3,12.855,A,0.000,11.000,false,2026-06-02T07:52:00Z
1745080a-8cc4-43ad-b850-905a0a35349e,eb079648-d9ab-4524-88d0-93d4726c220e,TEST_ROOM,NOISE,100.052,dB,0.000,100.000,false,2026-06-02T07:52:00Z
380cfc92-3ded-4d5e-89a0-f6ffa587b272,0b845d1e-c265-4e24-9f5f-6e7bdc8d536d,INLINE,LEAKAGE,0.569,mbar/s,0.000,1.000,true,2026-06-02T08:10:00Z
0a6b9ea5-ec9d-4dfd-ba95-fb62f7699349,0b845d1e-c265-4e24-9f5f-6e7bdc8d536d,INLINE,VDE_PE,0.077,Ohm,0.000,0.300,true,2026-06-02T08:10:00Z
9c6dce93-506d-48bd-852c-451769c26a2e,0b845d1e-c265-4e24-9f5f-6e7bdc8d536d,INLINE,FIRST_RUN,9.681,bar,9.500,10.500,true,2026-06-02T08:10:00Z
562c6260-ad4d-4595-bd92-c464308581f9,0b845d1e-c265-4e24-9f5f-6e7bdc8d536d,TEST_ROOM,CURRENT_L1,9.620,A,0.000,11.000,true,2026-06-02T08:10:00Z
d8512557-1f51-48c3-b959-f9be8ee2ea1a,0b845d1e-c265-4e24-9f5f-6e7bdc8d536d,TEST_ROOM,CURRENT_L2,9.450,A,0.000,11.000,true,2026-06-02T08:10:00Z
4182cdff-b309-45eb-aa21-290aa4a93c22,0b845d1e-c265-4e24-9f5f-6e7bdc8d536d,TEST_ROOM,CURRENT_L3,9.650,A,0.000,11.000,true,2026-06-02T08:10:00Z
befd360b-8287-49da-88c2-93309ef1546e,0b845d1e-c265-4e24-9f5f-6e7bdc8d536d,TEST_ROOM,NOISE,91.894,dB,0.000,100.000,true,2026-06-02T08:10:00Z
fd60f79a-2676-48de-9806-d6deb9aa3172,0776e4a5-0f88-430f-bc30-cebf4d23cd33,INLINE,LEAKAGE,0.277,mbar/s,0.000,1.000,true,2026-06-02T08:28:00Z
b2690267-0a56-40ed-a7b8-81f08aed65b8,0776e4a5-0f88-430f-bc30-cebf4d23cd33,INLINE,VDE_PE,0.162,Ohm,0.000,0.300,true,2026-06-02T08:28:00Z
c07dd925-f6a4-428c-9cff-d4a33c79a887,0776e4a5-0f88-430f-bc30-cebf4d23cd33,INLINE,FIRST_RUN,10.212,bar,9.500,10.500,true,2026-06-02T08:28:00Z
6237715d-63c8-47d0-b23c-98c7926cd1d7,0776e4a5-0f88-430f-bc30-cebf4d23cd33,TEST_ROOM,CURRENT_L1,10.430,A,0.000,11.000,true,2026-06-02T08:28:00Z
a32d49aa-116f-41c8-a825-28ff333c181f,0776e4a5-0f88-430f-bc30-cebf4d23cd33,TEST_ROOM,CURRENT_L2,10.530,A,0.000,11.000,true,2026-06-02T08:28:00Z
5e286708-2fcf-4c9d-a8da-db472034e8d5,0776e4a5-0f88-430f-bc30-cebf4d23cd33,TEST_ROOM,CURRENT_L3,10.120,A,0.000,11.000,true,2026-06-02T08:28:00Z
f0694fd4-e2e3-4c0b-8df6-3a6935a10ede,0776e4a5-0f88-430f-bc30-cebf4d23cd33,TEST_ROOM,NOISE,85.788,dB,0.000,100.000,true,2026-06-02T08:28:00Z
aab9b159-e665-4b8f-a81e-8288ef95a179,92ce31e7-bbd9-4012-9dff-946b293b4342,INLINE,LEAKAGE,0.581,mbar/s,0.000,1.000,true,2026-06-02T08:46:00Z
429861d7-8d0d-428a-bd4b-ece571a3e7dd,92ce31e7-bbd9-4012-9dff-946b293b4342,INLINE,VDE_PE,0.103,Ohm,0.000,0.300,true,2026-06-02T08:46:00Z
561f345e-5ea0-4062-84f1-0932086a3164,92ce31e7-bbd9-4012-9dff-946b293b4342,INLINE,FIRST_RUN,9.676,bar,9.500,10.500,true,2026-06-02T08:46:00Z
560115d5-5326-4557-8ed5-f8e3cab44aba,92ce31e7-bbd9-4012-9dff-946b293b4342,TEST_ROOM,CURRENT_L1,9.980,A,0.000,11.000,true,2026-06-02T08:46:00Z
b73b2833-cc12-4503-afa6-e80790f88cda,92ce31e7-bbd9-4012-9dff-946b293b4342,TEST_ROOM,CURRENT_L2,9.740,A,0.000,11.000,true,2026-06-02T08:46:00Z
c983fe98-996e-4a7f-83ff-ba8ff84f6268,92ce31e7-bbd9-4012-9dff-946b293b4342,TEST_ROOM,CURRENT_L3,9.910,A,0.000,11.000,true,2026-06-02T08:46:00Z
de791bd7-9dda-4c9e-83f8-05bb9dff1127,92ce31e7-bbd9-4012-9dff-946b293b4342,TEST_ROOM,NOISE,89.626,dB,0.000,100.000,true,2026-06-02T08:46:00Z
0ed1bd0b-5050-4aae-98bd-c06928a850f8,0e23ab3e-46ed-4966-8a73-419eac883030,INLINE,LEAKAGE,0.337,mbar/s,0.000,1.000,true,2026-06-02T09:04:00Z
eee10f92-20c3-4660-b7cc-3c54d82a2403,0e23ab3e-46ed-4966-8a73-419eac883030,INLINE,VDE_PE,0.230,Ohm,0.000,0.300,true,2026-06-02T09:04:00Z
0a1eb648-aeda-4c80-8600-f6da63240aa7,0e23ab3e-46ed-4966-8a73-419eac883030,INLINE,FIRST_RUN,10.157,bar,9.500,10.500,true,2026-06-02T09:04:00Z
5b572e53-78a2-435f-b583-39a60dc603db,0e23ab3e-46ed-4966-8a73-419eac883030,TEST_ROOM,CURRENT_L1,9.390,A,0.000,11.000,true,2026-06-02T09:04:00Z
934d09c4-fcc2-462d-97ea-24501f6da83f,0e23ab3e-46ed-4966-8a73-419eac883030,TEST_ROOM,CURRENT_L2,9.650,A,0.000,11.000,true,2026-06-02T09:04:00Z
a9440710-2201-4ba9-af1a-8d7f105283ce,0e23ab3e-46ed-4966-8a73-419eac883030,TEST_ROOM,CURRENT_L3,9.720,A,0.000,11.000,true,2026-06-02T09:04:00Z
7fc91313-1401-4e6c-887d-ae687f56fe95,0e23ab3e-46ed-4966-8a73-419eac883030,TEST_ROOM,NOISE,87.687,dB,0.000,100.000,true,2026-06-02T09:04:00Z
39254aef-07ca-4cc6-a750-b56d417d582d,6252d559-eff5-4c8f-a1f6-3ae35ca8f4c8,INLINE,LEAKAGE,0.508,mbar/s,0.000,1.000,true,2026-06-02T09:22:00Z
62931957-6c12-4552-bc2a-a66771f95040,6252d559-eff5-4c8f-a1f6-3ae35ca8f4c8,INLINE,VDE_PE,0.228,Ohm,0.000,0.300,true,2026-06-02T09:22:00Z
ff1e026a-c040-4ee4-9197-17621376437c,6252d559-eff5-4c8f-a1f6-3ae35ca8f4c8,INLINE,FIRST_RUN,9.899,bar,9.500,10.500,true,2026-06-02T09:22:00Z
68415342-2608-4024-9e34-65932d9bb7b3,6252d559-eff5-4c8f-a1f6-3ae35ca8f4c8,TEST_ROOM,CURRENT_L1,10.190,A,0.000,11.000,true,2026-06-02T09:22:00Z
f6ecd9f0-ea59-4341-a1ba-6b06d6bdb2f7,6252d559-eff5-4c8f-a1f6-3ae35ca8f4c8,TEST_ROOM,CURRENT_L2,10.020,A,0.000,11.000,true,2026-06-02T09:22:00Z
1e4a4eda-d755-4db4-a2e4-181490744281,6252d559-eff5-4c8f-a1f6-3ae35ca8f4c8,TEST_ROOM,CURRENT_L3,10.440,A,0.000,11.000,true,2026-06-02T09:22:00Z
d8d6fa63-7ae4-4d8f-8d4a-363c642105c6,6252d559-eff5-4c8f-a1f6-3ae35ca8f4c8,TEST_ROOM,NOISE,88.951,dB,0.000,100.000,true,2026-06-02T09:22:00Z
0e2533b1-aa24-4689-af61-7c28a142609b,66b0be46-126c-4b70-a3b2-a5a6b1d11f7f,INLINE,LEAKAGE,0.344,mbar/s,0.000,1.000,true,2026-06-02T09:40:00Z
5ec4036d-2943-4bcd-a311-5c59701901bc,66b0be46-126c-4b70-a3b2-a5a6b1d11f7f,INLINE,VDE_PE,0.105,Ohm,0.000,0.300,true,2026-06-02T09:40:00Z
bb43801a-45ac-466c-8943-2094dd27be55,66b0be46-126c-4b70-a3b2-a5a6b1d11f7f,INLINE,FIRST_RUN,9.940,bar,9.500,10.500,true,2026-06-02T09:40:00Z
2c2475f9-be75-4306-a255-56d2721c8040,66b0be46-126c-4b70-a3b2-a5a6b1d11f7f,TEST_ROOM,CURRENT_L1,9.910,A,0.000,11.000,true,2026-06-02T09:40:00Z
13b28db4-ff0f-4173-a9f2-0d73b32d6adb,66b0be46-126c-4b70-a3b2-a5a6b1d11f7f,TEST_ROOM,CURRENT_L2,9.990,A,0.000,11.000,true,2026-06-02T09:40:00Z
d372e3de-0412-4afc-9320-bfe29c478671,66b0be46-126c-4b70-a3b2-a5a6b1d11f7f,TEST_ROOM,CURRENT_L3,9.950,A,0.000,11.000,true,2026-06-02T09:40:00Z
7cf51863-54a0-4371-b707-eae9cfe5aba3,66b0be46-126c-4b70-a3b2-a5a6b1d11f7f,TEST_ROOM,NOISE,93.246,dB,0.000,100.000,true,2026-06-02T09:40:00Z
fe2bb940-c711-433d-9208-7af2a212aafa,9e0a3f07-ab2d-42f0-b66f-1fa537f4e89b,INLINE,LEAKAGE,1.526,mbar/s,0.000,1.000,false,2026-06-02T09:58:00Z
ea0d90d4-9333-4ca8-bf5f-3d5b0119d731,9e0a3f07-ab2d-42f0-b66f-1fa537f4e89b,INLINE,VDE_PE,0.240,Ohm,0.000,0.300,true,2026-06-02T09:58:00Z
7904c1ea-0fd9-4483-985d-5dfe5919d712,9e0a3f07-ab2d-42f0-b66f-1fa537f4e89b,INLINE,FIRST_RUN,9.926,bar,9.500,10.500,true,2026-06-02T09:58:00Z
14a9bfa9-ffef-4e94-a395-40134909308f,9e0a3f07-ab2d-42f0-b66f-1fa537f4e89b,TEST_ROOM,CURRENT_L1,10.044,A,0.000,11.000,true,2026-06-02T09:58:00Z
31a021fd-ecd1-46a6-8ec3-cba9a0f5085a,9e0a3f07-ab2d-42f0-b66f-1fa537f4e89b,TEST_ROOM,CURRENT_L2,13.122,A,0.000,11.000,false,2026-06-02T09:58:00Z
ef3fb527-c213-4015-acdb-9fbdc28f05fa,9e0a3f07-ab2d-42f0-b66f-1fa537f4e89b,TEST_ROOM,CURRENT_L3,9.868,A,0.000,11.000,true,2026-06-02T09:58:00Z
09a0ee89-83eb-4899-ba0b-dc49c36bdc04,9e0a3f07-ab2d-42f0-b66f-1fa537f4e89b,TEST_ROOM,NOISE,96.802,dB,0.000,100.000,true,2026-06-02T09:58:00Z
0c5bdb14-dd87-474d-b5e2-ef5792e37c29,18bf5c20-3ca9-48c0-8fd0-69a87679a45a,INLINE,LEAKAGE,0.583,mbar/s,0.000,1.000,true,2026-06-02T10:16:00Z
ced0b376-0d57-4054-a6f3-d0625e34b80a,18bf5c20-3ca9-48c0-8fd0-69a87679a45a,INLINE,VDE_PE,0.104,Ohm,0.000,0.300,true,2026-06-02T10:16:00Z
5da1b4b7-008a-4995-8032-ffc952d77bcb,18bf5c20-3ca9-48c0-8fd0-69a87679a45a,INLINE,FIRST_RUN,10.166,bar,9.500,10.500,true,2026-06-02T10:16:00Z
3344e6ae-9cbf-4796-883b-d2c94f6cbc85,18bf5c20-3ca9-48c0-8fd0-69a87679a45a,TEST_ROOM,CURRENT_L1,9.920,A,0.000,11.000,true,2026-06-02T10:16:00Z
d1e8084f-3e70-433e-ba99-9c3d0d404c77,18bf5c20-3ca9-48c0-8fd0-69a87679a45a,TEST_ROOM,CURRENT_L2,9.890,A,0.000,11.000,true,2026-06-02T10:16:00Z
9da1189f-3d6a-4a46-b37a-f202c4bba333,18bf5c20-3ca9-48c0-8fd0-69a87679a45a,TEST_ROOM,CURRENT_L3,10.070,A,0.000,11.000,true,2026-06-02T10:16:00Z
e7e71f40-0f9d-49f9-825d-c75873f4b9a7,18bf5c20-3ca9-48c0-8fd0-69a87679a45a,TEST_ROOM,NOISE,86.952,dB,0.000,100.000,true,2026-06-02T10:16:00Z
ef89097a-8c38-410f-8cbf-79424c6290e9,2428adf7-a8e4-40a4-a970-3504a5ae478f,INLINE,LEAKAGE,0.253,mbar/s,0.000,1.000,true,2026-06-02T10:34:00Z
7a36d0a7-1564-4848-97b1-69fc347928f8,2428adf7-a8e4-40a4-a970-3504a5ae478f,INLINE,VDE_PE,0.166,Ohm,0.000,0.300,true,2026-06-02T10:34:00Z
f322a09b-9083-49c8-b1d8-ec1bd07f779e,2428adf7-a8e4-40a4-a970-3504a5ae478f,INLINE,FIRST_RUN,9.931,bar,9.500,10.500,true,2026-06-02T10:34:00Z
6d10272f-f150-46e0-a6b5-a7f6cc595764,2428adf7-a8e4-40a4-a970-3504a5ae478f,TEST_ROOM,CURRENT_L1,9.578,A,0.000,11.000,true,2026-06-02T10:34:00Z
07d93d1d-e603-47a4-ab72-9f33d39b551a,2428adf7-a8e4-40a4-a970-3504a5ae478f,TEST_ROOM,CURRENT_L2,10.296,A,0.000,11.000,true,2026-06-02T10:34:00Z
be78a670-136e-4c67-b029-b57338a5300a,2428adf7-a8e4-40a4-a970-3504a5ae478f,TEST_ROOM,CURRENT_L3,12.528,A,0.000,11.000,false,2026-06-02T10:34:00Z
cadabf5c-875e-479e-8397-b27f5859286c,2428adf7-a8e4-40a4-a970-3504a5ae478f,TEST_ROOM,NOISE,99.176,dB,0.000,100.000,true,2026-06-02T10:34:00Z
7e7d0126-dd65-4989-9ff7-362b80815f72,4b6eda99-0ce6-4525-be71-660e6e1f8fca,INLINE,LEAKAGE,0.346,mbar/s,0.000,1.000,true,2026-06-02T10:52:00Z
211c96b2-9d98-44dd-87ac-6c2b07ef9a89,4b6eda99-0ce6-4525-be71-660e6e1f8fca,INLINE,VDE_PE,0.165,Ohm,0.000,0.300,true,2026-06-02T10:52:00Z
139ad60c-c7d4-48cf-9bd9-2101d2d6ced7,4b6eda99-0ce6-4525-be71-660e6e1f8fca,INLINE,FIRST_RUN,8.275,bar,9.500,10.500,false,2026-06-02T10:52:00Z
4abd6a82-02b4-4822-baa2-e6b9bc71430c,4b6eda99-0ce6-4525-be71-660e6e1f8fca,TEST_ROOM,CURRENT_L1,9.810,A,0.000,11.000,true,2026-06-02T10:52:00Z
0bea6e54-e9d9-4008-9155-40eb981e6926,4b6eda99-0ce6-4525-be71-660e6e1f8fca,TEST_ROOM,CURRENT_L2,9.890,A,0.000,11.000,true,2026-06-02T10:52:00Z
b4fb1e81-3fe9-4166-87e4-6e490d4ebc44,4b6eda99-0ce6-4525-be71-660e6e1f8fca,TEST_ROOM,CURRENT_L3,9.370,A,0.000,11.000,true,2026-06-02T10:52:00Z
663853f4-d8df-458c-bee3-877b81879f6d,4b6eda99-0ce6-4525-be71-660e6e1f8fca,TEST_ROOM,NOISE,86.730,dB,0.000,100.000,true,2026-06-02T10:52:00Z
da1721ef-57df-430b-88a4-5525200bb82c,e139ff78-e6a7-42df-8fbc-8600512a5cb8,INLINE,LEAKAGE,0.554,mbar/s,0.000,1.000,true,2026-06-02T11:10:00Z
ef23087d-369d-4fd2-900b-a09cd4a9c36b,e139ff78-e6a7-42df-8fbc-8600512a5cb8,INLINE,VDE_PE,0.215,Ohm,0.000,0.300,true,2026-06-02T11:10:00Z
a72a8ae7-97a4-42b6-9c86-6d2e1535f36b,e139ff78-e6a7-42df-8fbc-8600512a5cb8,INLINE,FIRST_RUN,9.650,bar,9.500,10.500,true,2026-06-02T11:10:00Z
aca1ad9b-4cf7-4c32-89fa-a97281b82d8e,e139ff78-e6a7-42df-8fbc-8600512a5cb8,TEST_ROOM,CURRENT_L1,9.520,A,0.000,11.000,true,2026-06-02T11:10:00Z
48c1989a-dffa-42bf-b62b-9a1092a93928,e139ff78-e6a7-42df-8fbc-8600512a5cb8,TEST_ROOM,CURRENT_L2,9.780,A,0.000,11.000,true,2026-06-02T11:10:00Z
1af84936-c323-4858-9858-cd8985087c55,e139ff78-e6a7-42df-8fbc-8600512a5cb8,TEST_ROOM,CURRENT_L3,9.670,A,0.000,11.000,true,2026-06-02T11:10:00Z
398bd013-3efd-4eb6-badf-1fdaebcb6c70,e139ff78-e6a7-42df-8fbc-8600512a5cb8,TEST_ROOM,NOISE,87.175,dB,0.000,100.000,true,2026-06-02T11:10:00Z
5aab8aa4-bc54-4923-ae82-6e4616f22be9,3be8a4b4-78dc-43f8-a8de-75b4f14ee3b5,INLINE,LEAKAGE,0.480,mbar/s,0.000,1.000,true,2026-06-02T11:28:00Z
d17d80f6-7a56-4b97-b7fd-8dbfa3ba74e9,3be8a4b4-78dc-43f8-a8de-75b4f14ee3b5,INLINE,VDE_PE,0.057,Ohm,0.000,0.300,true,2026-06-02T11:28:00Z
3057c1a6-0b3e-4159-a93a-89741801e884,3be8a4b4-78dc-43f8-a8de-75b4f14ee3b5,INLINE,FIRST_RUN,9.662,bar,9.500,10.500,true,2026-06-02T11:28:00Z
6d579842-6b7e-49ca-9e66-9c57bc067470,3be8a4b4-78dc-43f8-a8de-75b4f14ee3b5,TEST_ROOM,CURRENT_L1,9.470,A,0.000,11.000,true,2026-06-02T11:28:00Z
59d0d4b6-7999-482b-a17e-59519ced39e9,3be8a4b4-78dc-43f8-a8de-75b4f14ee3b5,TEST_ROOM,CURRENT_L2,9.870,A,0.000,11.000,true,2026-06-02T11:28:00Z
eba57eef-91cd-4637-b36c-035738ba563c,3be8a4b4-78dc-43f8-a8de-75b4f14ee3b5,TEST_ROOM,CURRENT_L3,9.920,A,0.000,11.000,true,2026-06-02T11:28:00Z
bf30c125-08b9-4b82-a993-379116d9aa2b,3be8a4b4-78dc-43f8-a8de-75b4f14ee3b5,TEST_ROOM,NOISE,93.074,dB,0.000,100.000,true,2026-06-02T11:28:00Z
2dabee71-fdf3-414b-80e9-be025ab7791c,b98dcf75-fcab-40ff-8d41-ff89fc0bfcc2,INLINE,LEAKAGE,0.354,mbar/s,0.000,1.000,true,2026-06-02T11:46:00Z
1622bbb7-f7b9-4614-b29b-ff84d120a2aa,b98dcf75-fcab-40ff-8d41-ff89fc0bfcc2,INLINE,VDE_PE,0.105,Ohm,0.000,0.300,true,2026-06-02T11:46:00Z
d61cec9c-5661-4f8c-99c3-d774b9796b14,b98dcf75-fcab-40ff-8d41-ff89fc0bfcc2,INLINE,FIRST_RUN,10.184,bar,9.500,10.500,true,2026-06-02T11:46:00Z
f89b9647-5d65-46be-9cf2-0d2a3fc916e9,b98dcf75-fcab-40ff-8d41-ff89fc0bfcc2,TEST_ROOM,CURRENT_L1,9.468,A,0.000,11.000,true,2026-06-02T11:46:00Z
55dbbe85-5fa5-4e8b-b19d-f203c11e1872,b98dcf75-fcab-40ff-8d41-ff89fc0bfcc2,TEST_ROOM,CURRENT_L2,13.383,A,0.000,11.000,false,2026-06-02T11:46:00Z
9608316b-8871-4767-a02d-2b80a168409e,b98dcf75-fcab-40ff-8d41-ff89fc0bfcc2,TEST_ROOM,CURRENT_L3,9.622,A,0.000,11.000,true,2026-06-02T11:46:00Z
96547a1e-f712-4f0f-ade2-ca4744e98d0b,b98dcf75-fcab-40ff-8d41-ff89fc0bfcc2,TEST_ROOM,NOISE,99.558,dB,0.000,100.000,true,2026-06-02T11:46:00Z
36b0f874-9919-422f-b2bc-b669a9a26a0f,d3974e4c-a2da-4e9d-9211-262d95898491,INLINE,LEAKAGE,0.535,mbar/s,0.000,1.000,true,2026-06-02T12:04:00Z
f5e2732d-65fc-4178-8a2c-bc00f438a6b0,d3974e4c-a2da-4e9d-9211-262d95898491,INLINE,VDE_PE,0.225,Ohm,0.000,0.300,true,2026-06-02T12:04:00Z
a7d81de9-1185-4be1-b9ce-cbab50b4099a,d3974e4c-a2da-4e9d-9211-262d95898491,INLINE,FIRST_RUN,9.908,bar,9.500,10.500,true,2026-06-02T12:04:00Z
20753ff8-783b-4401-b1c0-0afd02d7c737,d3974e4c-a2da-4e9d-9211-262d95898491,TEST_ROOM,CURRENT_L1,9.890,A,0.000,11.000,true,2026-06-02T12:04:00Z
f736a7dc-f61b-47be-9524-f1f74be08696,d3974e4c-a2da-4e9d-9211-262d95898491,TEST_ROOM,CURRENT_L2,10.050,A,0.000,11.000,true,2026-06-02T12:04:00Z
5ee97184-83c2-43d0-bb47-8b281aba678b,d3974e4c-a2da-4e9d-9211-262d95898491,TEST_ROOM,CURRENT_L3,9.870,A,0.000,11.000,true,2026-06-02T12:04:00Z
37943bb0-296d-4a1f-9de8-26e91c800026,d3974e4c-a2da-4e9d-9211-262d95898491,TEST_ROOM,NOISE,91.203,dB,0.000,100.000,true,2026-06-02T12:04:00Z
65341fa2-7942-4de0-816f-30910c2bb2c9,03b6b8d5-3d17-4c90-894f-c0a42d67e435,INLINE,LEAKAGE,0.185,mbar/s,0.000,1.000,true,2026-06-02T12:22:00Z
30e32c70-9376-40db-b8cc-11eb58a763d0,03b6b8d5-3d17-4c90-894f-c0a42d67e435,INLINE,VDE_PE,0.066,Ohm,0.000,0.300,true,2026-06-02T12:22:00Z
208d4d93-fd81-49ec-94f8-16b394a9261b,03b6b8d5-3d17-4c90-894f-c0a42d67e435,INLINE,FIRST_RUN,10.210,bar,9.500,10.500,true,2026-06-02T12:22:00Z
35ab1a63-9de2-43af-af08-10efe4c57653,03b6b8d5-3d17-4c90-894f-c0a42d67e435,TEST_ROOM,CURRENT_L1,9.840,A,0.000,11.000,true,2026-06-02T12:22:00Z
4ef32a3c-93b9-4034-9d67-031e4fdd1800,03b6b8d5-3d17-4c90-894f-c0a42d67e435,TEST_ROOM,CURRENT_L2,10.240,A,0.000,11.000,true,2026-06-02T12:22:00Z
8700564a-fabe-4c39-b58a-ea5a2a8edbad,03b6b8d5-3d17-4c90-894f-c0a42d67e435,TEST_ROOM,CURRENT_L3,9.780,A,0.000,11.000,true,2026-06-02T12:22:00Z
4cbf11ed-5604-4359-9b5f-4f326c51e751,03b6b8d5-3d17-4c90-894f-c0a42d67e435,TEST_ROOM,NOISE,89.073,dB,0.000,100.000,true,2026-06-02T12:22:00Z
289884be-3cf4-48d4-b50b-6375b9f0443d,b8ef7d1f-e4b2-46a6-af6f-05f1bf91127c,INLINE,LEAKAGE,0.499,mbar/s,0.000,1.000,true,2026-06-02T12:40:00Z
bec52515-2cd7-4285-87eb-10e6398b6049,b8ef7d1f-e4b2-46a6-af6f-05f1bf91127c,INLINE,VDE_PE,0.171,Ohm,0.000,0.300,true,2026-06-02T12:40:00Z
32b90e97-8fc5-4994-839f-8a70a0624def,b8ef7d1f-e4b2-46a6-af6f-05f1bf91127c,INLINE,FIRST_RUN,9.847,bar,9.500,10.500,true,2026-06-02T12:40:00Z
d506e32f-2ade-4d54-9546-bc380b5634fd,b8ef7d1f-e4b2-46a6-af6f-05f1bf91127c,TEST_ROOM,CURRENT_L1,10.080,A,0.000,11.000,true,2026-06-02T12:40:00Z
9ed97fc1-7d9a-492c-815d-38a565637129,b8ef7d1f-e4b2-46a6-af6f-05f1bf91127c,TEST_ROOM,CURRENT_L2,10.120,A,0.000,11.000,true,2026-06-02T12:40:00Z
dcdde69e-d3b4-490f-9f61-af0cd219f91a,b8ef7d1f-e4b2-46a6-af6f-05f1bf91127c,TEST_ROOM,CURRENT_L3,10.140,A,0.000,11.000,true,2026-06-02T12:40:00Z
fbc606b3-7847-4cb7-bfab-89ff61fedabd,b8ef7d1f-e4b2-46a6-af6f-05f1bf91127c,TEST_ROOM,NOISE,91.251,dB,0.000,100.000,true,2026-06-02T12:40:00Z
caa18d75-2443-4670-8ab2-69a216ce4b16,23da2351-6121-4010-8483-63ae657e2c2b,INLINE,LEAKAGE,0.475,mbar/s,0.000,1.000,true,2026-06-02T12:58:00Z
76625fa2-4656-429b-a6bc-60e69df1799e,23da2351-6121-4010-8483-63ae657e2c2b,INLINE,VDE_PE,0.102,Ohm,0.000,0.300,true,2026-06-02T12:58:00Z
b3eb2359-7ca1-4936-8018-2d38ab64d89a,23da2351-6121-4010-8483-63ae657e2c2b,INLINE,FIRST_RUN,9.867,bar,9.500,10.500,true,2026-06-02T12:58:00Z
c48d5b77-7d23-47f6-9cb4-d5ca945e64b7,23da2351-6121-4010-8483-63ae657e2c2b,TEST_ROOM,CURRENT_L1,9.930,A,0.000,11.000,true,2026-06-02T12:58:00Z
f5db3011-7404-49b7-9e76-cb84a7191247,23da2351-6121-4010-8483-63ae657e2c2b,TEST_ROOM,CURRENT_L2,10.120,A,0.000,11.000,true,2026-06-02T12:58:00Z
b0e0b434-76c1-4245-9aeb-15d6f048c9be,23da2351-6121-4010-8483-63ae657e2c2b,TEST_ROOM,CURRENT_L3,9.990,A,0.000,11.000,true,2026-06-02T12:58:00Z
a4466c83-240c-4bd1-a026-16591292b56a,23da2351-6121-4010-8483-63ae657e2c2b,TEST_ROOM,NOISE,90.815,dB,0.000,100.000,true,2026-06-02T12:58:00Z
aaeaccac-52fb-4182-b4cc-764846f261a2,4054e19a-b3b9-4e13-9e2d-251f7d979a0e,INLINE,LEAKAGE,0.299,mbar/s,0.000,1.000,true,2026-06-02T13:16:00Z
03cf5081-6286-4ac9-bbc5-235d68d5d14f,4054e19a-b3b9-4e13-9e2d-251f7d979a0e,INLINE,VDE_PE,0.088,Ohm,0.000,0.300,true,2026-06-02T13:16:00Z
403016a7-1376-4b64-ae50-f3f36329293d,4054e19a-b3b9-4e13-9e2d-251f7d979a0e,INLINE,FIRST_RUN,9.686,bar,9.500,10.500,true,2026-06-02T13:16:00Z
b0a862ff-c2b9-41b8-a749-014117be389e,4054e19a-b3b9-4e13-9e2d-251f7d979a0e,TEST_ROOM,CURRENT_L1,10.150,A,0.000,11.000,true,2026-06-02T13:16:00Z
e3764ad0-a5ed-4b1f-9d56-c14544e0e2b5,4054e19a-b3b9-4e13-9e2d-251f7d979a0e,TEST_ROOM,CURRENT_L2,10.280,A,0.000,11.000,true,2026-06-02T13:16:00Z
ee93447d-36bd-4e92-b09f-91481334e3ce,4054e19a-b3b9-4e13-9e2d-251f7d979a0e,TEST_ROOM,CURRENT_L3,10.260,A,0.000,11.000,true,2026-06-02T13:16:00Z
2d71578f-2d66-4054-b9bd-c63e6b6baba3,4054e19a-b3b9-4e13-9e2d-251f7d979a0e,TEST_ROOM,NOISE,90.569,dB,0.000,100.000,true,2026-06-02T13:16:00Z
8ca1530c-db50-44a3-98c9-3f3b4a88ca73,76e29074-7d9c-43ca-b6db-222f28136961,INLINE,LEAKAGE,0.310,mbar/s,0.000,1.000,true,2026-06-02T13:34:00Z
2fef8c5f-b92a-4c66-ad1f-992522ee2cea,76e29074-7d9c-43ca-b6db-222f28136961,INLINE,VDE_PE,0.073,Ohm,0.000,0.300,true,2026-06-02T13:34:00Z
4f954474-5811-4260-bd6b-7dfe0cf80f2e,76e29074-7d9c-43ca-b6db-222f28136961,INLINE,FIRST_RUN,9.644,bar,9.500,10.500,true,2026-06-02T13:34:00Z
00d04c04-5b98-46db-a7bc-ee9841289d1f,76e29074-7d9c-43ca-b6db-222f28136961,TEST_ROOM,CURRENT_L1,9.780,A,0.000,11.000,true,2026-06-02T13:34:00Z
98d9d674-f36a-49c9-bf96-e6457456ddf0,76e29074-7d9c-43ca-b6db-222f28136961,TEST_ROOM,CURRENT_L2,9.910,A,0.000,11.000,true,2026-06-02T13:34:00Z
d9009c2d-0bc5-4cdc-a42d-beda282b60d4,76e29074-7d9c-43ca-b6db-222f28136961,TEST_ROOM,CURRENT_L3,9.830,A,0.000,11.000,true,2026-06-02T13:34:00Z
0a690667-4e29-4099-9a6e-d46831f97bd7,76e29074-7d9c-43ca-b6db-222f28136961,TEST_ROOM,NOISE,86.437,dB,0.000,100.000,true,2026-06-02T13:34:00Z
ead77c0d-6dae-43af-9f6f-245b0d7208ef,b18ab9fd-98f2-4443-8e3d-5767de71b94e,INLINE,LEAKAGE,0.148,mbar/s,0.000,1.000,true,2026-06-02T13:52:00Z
e6d0e4ea-c2e8-4815-a1fb-60538061a353,b18ab9fd-98f2-4443-8e3d-5767de71b94e,INLINE,VDE_PE,0.135,Ohm,0.000,0.300,true,2026-06-02T13:52:00Z
bbb7af22-c069-4971-8b7f-b1122ca2887b,b18ab9fd-98f2-4443-8e3d-5767de71b94e,INLINE,FIRST_RUN,10.066,bar,9.500,10.500,true,2026-06-02T13:52:00Z
d46b5aee-d2c2-4af0-8614-3442af37f335,b18ab9fd-98f2-4443-8e3d-5767de71b94e,TEST_ROOM,CURRENT_L1,9.590,A,0.000,11.000,true,2026-06-02T13:52:00Z
ddd94a59-2060-43c0-be68-6b6da605af03,b18ab9fd-98f2-4443-8e3d-5767de71b94e,TEST_ROOM,CURRENT_L2,10.050,A,0.000,11.000,true,2026-06-02T13:52:00Z
130985ae-d560-4df0-aa2e-6ba7918a07c7,b18ab9fd-98f2-4443-8e3d-5767de71b94e,TEST_ROOM,CURRENT_L3,9.540,A,0.000,11.000,true,2026-06-02T13:52:00Z
d67fdfbe-81d8-4a4c-9b4f-0d46a5dfc6cc,b18ab9fd-98f2-4443-8e3d-5767de71b94e,TEST_ROOM,NOISE,93.149,dB,0.000,100.000,true,2026-06-02T13:52:00Z
99d784ff-7997-4c59-ba2d-2d9f35fb97e9,cb8d4ee7-f5ee-4abf-8e46-9e9d4c573855,INLINE,LEAKAGE,0.451,mbar/s,0.000,1.000,true,2026-06-02T14:10:00Z
6c4e65f8-c130-4c9f-8d9b-f265f5a55ffd,cb8d4ee7-f5ee-4abf-8e46-9e9d4c573855,INLINE,VDE_PE,0.112,Ohm,0.000,0.300,true,2026-06-02T14:10:00Z
3795376c-9ff3-40a4-8929-dc9fe0fd7aa6,cb8d4ee7-f5ee-4abf-8e46-9e9d4c573855,INLINE,FIRST_RUN,9.838,bar,9.500,10.500,true,2026-06-02T14:10:00Z
ca20ecf8-43f6-4005-af3e-52d5a2885667,cb8d4ee7-f5ee-4abf-8e46-9e9d4c573855,TEST_ROOM,CURRENT_L1,9.730,A,0.000,11.000,true,2026-06-02T14:10:00Z
5cf6a9f0-2845-4bdc-98e0-040829d1b42d,cb8d4ee7-f5ee-4abf-8e46-9e9d4c573855,TEST_ROOM,CURRENT_L2,9.540,A,0.000,11.000,true,2026-06-02T14:10:00Z
2851abce-743d-4fbf-9f5d-d5ba29573b0f,cb8d4ee7-f5ee-4abf-8e46-9e9d4c573855,TEST_ROOM,CURRENT_L3,9.450,A,0.000,11.000,true,2026-06-02T14:10:00Z
4265998f-d29c-40d2-817a-6dd3b4ab183a,cb8d4ee7-f5ee-4abf-8e46-9e9d4c573855,TEST_ROOM,NOISE,85.561,dB,0.000,100.000,true,2026-06-02T14:10:00Z
004dc601-8467-4759-b0d7-98c0e7ed826e,5451513f-50f3-4a9a-a86d-a9969a23b042,INLINE,LEAKAGE,0.482,mbar/s,0.000,1.000,true,2026-06-02T14:28:00Z
7fcdac1e-d88a-4ff0-bf4b-dbecb46f5799,5451513f-50f3-4a9a-a86d-a9969a23b042,INLINE,VDE_PE,0.108,Ohm,0.000,0.300,true,2026-06-02T14:28:00Z
9b2ed989-25da-40af-a07f-7ff7e2508f00,5451513f-50f3-4a9a-a86d-a9969a23b042,INLINE,FIRST_RUN,9.684,bar,9.500,10.500,true,2026-06-02T14:28:00Z
a17dceb6-b062-4b84-ad36-272726492316,5451513f-50f3-4a9a-a86d-a9969a23b042,TEST_ROOM,CURRENT_L1,9.860,A,0.000,11.000,true,2026-06-02T14:28:00Z
2014cceb-2c0c-4fd7-b317-43bb6e3b3dbb,5451513f-50f3-4a9a-a86d-a9969a23b042,TEST_ROOM,CURRENT_L2,9.680,A,0.000,11.000,true,2026-06-02T14:28:00Z
21728de5-a1d9-488a-80b3-971d74cea677,5451513f-50f3-4a9a-a86d-a9969a23b042,TEST_ROOM,CURRENT_L3,9.920,A,0.000,11.000,true,2026-06-02T14:28:00Z
2b1c71a5-eed4-4233-a76e-200f2fd1c1c6,5451513f-50f3-4a9a-a86d-a9969a23b042,TEST_ROOM,NOISE,86.531,dB,0.000,100.000,true,2026-06-02T14:28:00Z
205709c3-a716-4136-8617-38c7acf103e8,7219e75f-6ca0-4c76-8c8a-06c78f05ebaa,INLINE,LEAKAGE,1.784,mbar/s,0.000,1.000,false,2026-06-02T14:46:00Z
ae6c3ebd-0ca2-4587-8c98-b6ce59bc77aa,7219e75f-6ca0-4c76-8c8a-06c78f05ebaa,INLINE,VDE_PE,0.195,Ohm,0.000,0.300,true,2026-06-02T14:46:00Z
dfc1c442-201f-41b8-bf09-1664cd373c55,7219e75f-6ca0-4c76-8c8a-06c78f05ebaa,INLINE,FIRST_RUN,10.173,bar,9.500,10.500,true,2026-06-02T14:46:00Z
6feae6f5-2d02-45fa-b425-d4151e825337,7219e75f-6ca0-4c76-8c8a-06c78f05ebaa,TEST_ROOM,CURRENT_L1,9.990,A,0.000,11.000,true,2026-06-02T14:46:00Z
7e590024-ef9e-4513-b0aa-de916d2792be,7219e75f-6ca0-4c76-8c8a-06c78f05ebaa,TEST_ROOM,CURRENT_L2,9.940,A,0.000,11.000,true,2026-06-02T14:46:00Z
9d47982e-bb8b-4d77-97db-a92508530c0b,7219e75f-6ca0-4c76-8c8a-06c78f05ebaa,TEST_ROOM,CURRENT_L3,9.970,A,0.000,11.000,true,2026-06-02T14:46:00Z
a7dd669f-3d54-4323-b11b-1adbd5fa3818,7219e75f-6ca0-4c76-8c8a-06c78f05ebaa,TEST_ROOM,NOISE,90.626,dB,0.000,100.000,true,2026-06-02T14:46:00Z
c6a64da9-33b3-407d-9af7-363c8818c14e,89d0a80a-2a29-4454-a020-5d02d8301e3e,INLINE,LEAKAGE,0.403,mbar/s,0.000,1.000,true,2026-06-02T15:04:00Z
bf2cac4d-4f76-4731-a2d5-3d6cf969c914,89d0a80a-2a29-4454-a020-5d02d8301e3e,INLINE,VDE_PE,0.150,Ohm,0.000,0.300,true,2026-06-02T15:04:00Z
ac489e8d-7399-44aa-a55c-6a4e2d08daf1,89d0a80a-2a29-4454-a020-5d02d8301e3e,INLINE,FIRST_RUN,8.383,bar,9.500,10.500,false,2026-06-02T15:04:00Z
169bac14-ae99-49d7-92a1-8e421d3c347c,89d0a80a-2a29-4454-a020-5d02d8301e3e,TEST_ROOM,CURRENT_L1,10.050,A,0.000,11.000,true,2026-06-02T15:04:00Z
afb7f67e-d9e2-4adc-8e4d-908339549b00,89d0a80a-2a29-4454-a020-5d02d8301e3e,TEST_ROOM,CURRENT_L2,10.060,A,0.000,11.000,true,2026-06-02T15:04:00Z
8c45112b-278e-40b3-b78c-b56fcf37ac80,89d0a80a-2a29-4454-a020-5d02d8301e3e,TEST_ROOM,CURRENT_L3,10.150,A,0.000,11.000,true,2026-06-02T15:04:00Z
3045a90f-8ed0-4a86-8948-5fea229adac8,89d0a80a-2a29-4454-a020-5d02d8301e3e,TEST_ROOM,NOISE,84.928,dB,0.000,100.000,true,2026-06-02T15:04:00Z
f1c10730-f920-499d-8201-bf59a15ec55b,2015641c-8534-44f9-a35f-4c1b89bb8a76,INLINE,LEAKAGE,1.541,mbar/s,0.000,1.000,false,2026-06-02T15:22:00Z
21a9a991-ac29-4bcf-803c-95dd56c095f4,2015641c-8534-44f9-a35f-4c1b89bb8a76,INLINE,VDE_PE,0.191,Ohm,0.000,0.300,true,2026-06-02T15:22:00Z
4881209f-2e37-4f78-b1a5-ac9fc30f131d,2015641c-8534-44f9-a35f-4c1b89bb8a76,INLINE,FIRST_RUN,10.263,bar,9.500,10.500,true,2026-06-02T15:22:00Z
4c9c5bfd-5123-4b46-97ef-22ce7f875cee,2015641c-8534-44f9-a35f-4c1b89bb8a76,TEST_ROOM,CURRENT_L1,10.550,A,0.000,11.000,true,2026-06-02T15:22:00Z
2b44a88e-41c2-4ea4-9240-363d62d59e10,2015641c-8534-44f9-a35f-4c1b89bb8a76,TEST_ROOM,CURRENT_L2,10.050,A,0.000,11.000,true,2026-06-02T15:22:00Z
589eb313-5754-488a-80b5-020a3e1e3a8d,2015641c-8534-44f9-a35f-4c1b89bb8a76,TEST_ROOM,CURRENT_L3,10.400,A,0.000,11.000,true,2026-06-02T15:22:00Z
a8cbe48a-dcf0-45be-9651-6f25f10999af,2015641c-8534-44f9-a35f-4c1b89bb8a76,TEST_ROOM,NOISE,89.593,dB,0.000,100.000,true,2026-06-02T15:22:00Z
5b35fd47-8934-4999-a4a6-f06c888e8dc6,862dbf36-44d2-4e5b-b9c5-99074916b19e,INLINE,LEAKAGE,0.335,mbar/s,0.000,1.000,true,2026-06-02T15:40:00Z
79354fc9-23ad-4af0-bc06-171da514ccf9,862dbf36-44d2-4e5b-b9c5-99074916b19e,INLINE,VDE_PE,0.217,Ohm,0.000,0.300,true,2026-06-02T15:40:00Z
48e4ff68-232b-4b48-86bf-87d6bb93478f,862dbf36-44d2-4e5b-b9c5-99074916b19e,INLINE,FIRST_RUN,9.857,bar,9.500,10.500,true,2026-06-02T15:40:00Z
dae203ea-0480-480b-8df3-d1495d49fc23,862dbf36-44d2-4e5b-b9c5-99074916b19e,TEST_ROOM,CURRENT_L1,10.550,A,0.000,11.000,true,2026-06-02T15:40:00Z
e692f94e-f5bf-49b5-b365-61afa78181c0,862dbf36-44d2-4e5b-b9c5-99074916b19e,TEST_ROOM,CURRENT_L2,10.230,A,0.000,11.000,true,2026-06-02T15:40:00Z
c9e2ca97-e88d-42d6-a97c-39d7fc49c3af,862dbf36-44d2-4e5b-b9c5-99074916b19e,TEST_ROOM,CURRENT_L3,10.130,A,0.000,11.000,true,2026-06-02T15:40:00Z
75c05ead-16a9-4842-8c39-0f1c65ca984b,862dbf36-44d2-4e5b-b9c5-99074916b19e,TEST_ROOM,NOISE,88.201,dB,0.000,100.000,true,2026-06-02T15:40:00Z
0a29b7f5-ab7f-427d-9685-b49745946746,99d5e2b2-3bc3-4912-9e80-8176279c30e1,INLINE,LEAKAGE,0.119,mbar/s,0.000,1.000,true,2026-06-02T15:58:00Z
024d1008-f400-4565-87c2-4bd03eec4d45,99d5e2b2-3bc3-4912-9e80-8176279c30e1,INLINE,VDE_PE,0.233,Ohm,0.000,0.300,true,2026-06-02T15:58:00Z
bb61a1de-7e28-49da-a44b-71e16e17bdd1,99d5e2b2-3bc3-4912-9e80-8176279c30e1,INLINE,FIRST_RUN,8.189,bar,9.500,10.500,false,2026-06-02T15:58:00Z
73b34d1e-6fa6-4d37-ab33-abee7ac6bd62,99d5e2b2-3bc3-4912-9e80-8176279c30e1,TEST_ROOM,CURRENT_L1,10.320,A,0.000,11.000,true,2026-06-02T15:58:00Z
e9a458c1-085a-4701-95fc-a2e10237de83,99d5e2b2-3bc3-4912-9e80-8176279c30e1,TEST_ROOM,CURRENT_L2,10.150,A,0.000,11.000,true,2026-06-02T15:58:00Z
0d18c2f7-812e-484f-87e6-27b3989c9545,99d5e2b2-3bc3-4912-9e80-8176279c30e1,TEST_ROOM,CURRENT_L3,10.230,A,0.000,11.000,true,2026-06-02T15:58:00Z
0851c90c-e849-49cf-a459-1773a3b7f365,99d5e2b2-3bc3-4912-9e80-8176279c30e1,TEST_ROOM,NOISE,93.964,dB,0.000,100.000,true,2026-06-02T15:58:00Z
38f77817-d198-4b05-9281-702e30344b71,e3615750-7a07-4208-8f12-0caa6518f575,INLINE,LEAKAGE,0.537,mbar/s,0.000,1.000,true,2026-06-02T16:16:00Z
473a381e-653a-4013-bfd3-69a027280e50,e3615750-7a07-4208-8f12-0caa6518f575,INLINE,VDE_PE,0.059,Ohm,0.000,0.300,true,2026-06-02T16:16:00Z
cd489286-9e37-43e7-a90b-d6f8bf3235cf,e3615750-7a07-4208-8f12-0caa6518f575,INLINE,FIRST_RUN,9.871,bar,9.500,10.500,true,2026-06-02T16:16:00Z
a13b1faa-e016-418a-b7f0-34a6a71a9f46,e3615750-7a07-4208-8f12-0caa6518f575,TEST_ROOM,CURRENT_L1,9.950,A,0.000,11.000,true,2026-06-02T16:16:00Z
3b04f39a-c6a6-4a27-a4d0-36f9d5779953,e3615750-7a07-4208-8f12-0caa6518f575,TEST_ROOM,CURRENT_L2,9.710,A,0.000,11.000,true,2026-06-02T16:16:00Z
d34426c5-f56c-49b5-946b-24b773c71a02,e3615750-7a07-4208-8f12-0caa6518f575,TEST_ROOM,CURRENT_L3,9.540,A,0.000,11.000,true,2026-06-02T16:16:00Z
1bb07a08-43ea-4210-bc26-784a002f6d51,e3615750-7a07-4208-8f12-0caa6518f575,TEST_ROOM,NOISE,86.652,dB,0.000,100.000,true,2026-06-02T16:16:00Z
41428277-f754-4a96-b844-2b35c4790f88,e09ba2f5-7e2a-4059-80d9-5647ef5f16be,INLINE,LEAKAGE,0.349,mbar/s,0.000,1.000,true,2026-06-02T16:34:00Z
4da549d7-9d9a-473a-8b64-7c29748e87ce,e09ba2f5-7e2a-4059-80d9-5647ef5f16be,INLINE,VDE_PE,0.235,Ohm,0.000,0.300,true,2026-06-02T16:34:00Z
3f0970a1-1d59-4a41-a210-b2f9c1d67121,e09ba2f5-7e2a-4059-80d9-5647ef5f16be,INLINE,FIRST_RUN,9.963,bar,9.500,10.500,true,2026-06-02T16:34:00Z
7f1ef87a-c6ff-4b2b-a0e2-6f7aa86d6551,e09ba2f5-7e2a-4059-80d9-5647ef5f16be,TEST_ROOM,CURRENT_L1,10.280,A,0.000,11.000,true,2026-06-02T16:34:00Z
ab7b0aa3-1240-40b1-b8b2-c0d145645fcd,e09ba2f5-7e2a-4059-80d9-5647ef5f16be,TEST_ROOM,CURRENT_L2,9.890,A,0.000,11.000,true,2026-06-02T16:34:00Z
116c513e-81b4-4110-bbc0-bc040f4f6eac,e09ba2f5-7e2a-4059-80d9-5647ef5f16be,TEST_ROOM,CURRENT_L3,10.200,A,0.000,11.000,true,2026-06-02T16:34:00Z
0dcebde6-64e0-45b9-8d03-8840e1c0f1d4,e09ba2f5-7e2a-4059-80d9-5647ef5f16be,TEST_ROOM,NOISE,93.046,dB,0.000,100.000,true,2026-06-02T16:34:00Z
25600c66-7c7c-46f1-aa6f-b8fdd3df3069,1b42069a-f88e-42b6-8f8a-099774de3d4d,INLINE,LEAKAGE,0.257,mbar/s,0.000,1.000,true,2026-06-02T16:52:00Z
6b1db58c-588b-41c6-ae18-f47b24843d84,1b42069a-f88e-42b6-8f8a-099774de3d4d,INLINE,VDE_PE,0.106,Ohm,0.000,0.300,true,2026-06-02T16:52:00Z
803d5f53-a278-45ca-b7d0-7190832ead95,1b42069a-f88e-42b6-8f8a-099774de3d4d,INLINE,FIRST_RUN,10.272,bar,9.500,10.500,true,2026-06-02T16:52:00Z
f20f0acb-896c-43e6-a4cd-59034c456828,1b42069a-f88e-42b6-8f8a-099774de3d4d,TEST_ROOM,CURRENT_L1,9.330,A,0.000,11.000,true,2026-06-02T16:52:00Z
ff4088ec-7f0e-45ab-a850-801b85135530,1b42069a-f88e-42b6-8f8a-099774de3d4d,TEST_ROOM,CURRENT_L2,9.530,A,0.000,11.000,true,2026-06-02T16:52:00Z
4adeb6a4-e6f2-4631-a3e3-7807020d987b,1b42069a-f88e-42b6-8f8a-099774de3d4d,TEST_ROOM,CURRENT_L3,9.770,A,0.000,11.000,true,2026-06-02T16:52:00Z
0f7d0bc4-7974-49ea-a399-51ba9aa68afd,1b42069a-f88e-42b6-8f8a-099774de3d4d,TEST_ROOM,NOISE,85.295,dB,0.000,100.000,true,2026-06-02T16:52:00Z
1c261477-819d-4d2c-8da1-6261f62a3ce5,0ce117ee-2767-4947-8e0f-86526dc22171,INLINE,LEAKAGE,0.165,mbar/s,0.000,1.000,true,2026-06-02T17:10:00Z
8e6a9d8b-2a85-42ef-8237-46670fe6edfb,0ce117ee-2767-4947-8e0f-86526dc22171,INLINE,VDE_PE,0.227,Ohm,0.000,0.300,true,2026-06-02T17:10:00Z
53d49142-d890-4349-bb52-f4df79108309,0ce117ee-2767-4947-8e0f-86526dc22171,INLINE,FIRST_RUN,8.026,bar,9.500,10.500,false,2026-06-02T17:10:00Z
e197b5e3-dc2e-498f-a08f-5b55370cd1a7,0ce117ee-2767-4947-8e0f-86526dc22171,TEST_ROOM,CURRENT_L1,9.950,A,0.000,11.000,true,2026-06-02T17:10:00Z
0a53d7f6-8e61-45be-8a7d-c4c13623af71,0ce117ee-2767-4947-8e0f-86526dc22171,TEST_ROOM,CURRENT_L2,9.810,A,0.000,11.000,true,2026-06-02T17:10:00Z
0a0d4944-2dd6-476a-960f-a763c5e59e4b,0ce117ee-2767-4947-8e0f-86526dc22171,TEST_ROOM,CURRENT_L3,9.770,A,0.000,11.000,true,2026-06-02T17:10:00Z
ca091fd0-9c8f-4b92-b642-21052e9427ab,0ce117ee-2767-4947-8e0f-86526dc22171,TEST_ROOM,NOISE,88.504,dB,0.000,100.000,true,2026-06-02T17:10:00Z
6a18d3dd-3c2f-4ec2-8e67-1bfc4a7f4ff0,2ce91b29-ea18-4e9b-832e-2a408cab3c7e,INLINE,LEAKAGE,0.177,mbar/s,0.000,1.000,true,2026-06-02T17:28:00Z
9098f57e-f410-4afa-9bd9-8c7aedf8089c,2ce91b29-ea18-4e9b-832e-2a408cab3c7e,INLINE,VDE_PE,0.182,Ohm,0.000,0.300,true,2026-06-02T17:28:00Z
a3a40c42-5dea-4a3a-ad14-33161a1aa3be,2ce91b29-ea18-4e9b-832e-2a408cab3c7e,INLINE,FIRST_RUN,10.104,bar,9.500,10.500,true,2026-06-02T17:28:00Z
d339a020-ff69-4e02-b286-617c00ca19aa,2ce91b29-ea18-4e9b-832e-2a408cab3c7e,TEST_ROOM,CURRENT_L1,10.190,A,0.000,11.000,true,2026-06-02T17:28:00Z
028f9415-a468-4b44-9e8e-2535618e985b,2ce91b29-ea18-4e9b-832e-2a408cab3c7e,TEST_ROOM,CURRENT_L2,10.020,A,0.000,11.000,true,2026-06-02T17:28:00Z
0175df3e-5a7f-46b2-bdc2-c617a4c43bd2,2ce91b29-ea18-4e9b-832e-2a408cab3c7e,TEST_ROOM,CURRENT_L3,10.180,A,0.000,11.000,true,2026-06-02T17:28:00Z
3369a99d-d8da-4b37-91c5-3182ced97cc1,2ce91b29-ea18-4e9b-832e-2a408cab3c7e,TEST_ROOM,NOISE,84.312,dB,0.000,100.000,true,2026-06-02T17:28:00Z
a49201e7-8320-45e2-87de-9f553f677bfc,bfa17e10-1273-415d-9929-8aca8d1f64ed,INLINE,LEAKAGE,0.125,mbar/s,0.000,1.000,true,2026-06-02T17:46:00Z
6b86413f-0691-4d67-9b39-d4a5b2a22714,bfa17e10-1273-415d-9929-8aca8d1f64ed,INLINE,VDE_PE,0.239,Ohm,0.000,0.300,true,2026-06-02T17:46:00Z
db7347b5-584f-4451-b080-7a258228d21f,bfa17e10-1273-415d-9929-8aca8d1f64ed,INLINE,FIRST_RUN,10.205,bar,9.500,10.500,true,2026-06-02T17:46:00Z
3cb3a803-8248-4ef7-a1c7-bc6ad88659da,bfa17e10-1273-415d-9929-8aca8d1f64ed,TEST_ROOM,CURRENT_L1,10.110,A,0.000,11.000,true,2026-06-02T17:46:00Z
104ad46c-6023-4324-be74-89028aa052ae,bfa17e10-1273-415d-9929-8aca8d1f64ed,TEST_ROOM,CURRENT_L2,10.080,A,0.000,11.000,true,2026-06-02T17:46:00Z
b9d6a1d8-cf0b-4b53-a0e1-8691c5acc06a,bfa17e10-1273-415d-9929-8aca8d1f64ed,TEST_ROOM,CURRENT_L3,10.020,A,0.000,11.000,true,2026-06-02T17:46:00Z
964f0359-3e94-41b8-85c3-76a2806e53f8,bfa17e10-1273-415d-9929-8aca8d1f64ed,TEST_ROOM,NOISE,94.271,dB,0.000,100.000,true,2026-06-02T17:46:00Z
33b0bc74-3fec-4d82-b960-a0a4dd76e074,e68e034f-e15b-4ad0-bbfd-8b468eeb6d92,INLINE,LEAKAGE,0.325,mbar/s,0.000,1.000,true,2026-06-02T18:04:00Z
f48dbe93-f60a-4001-a53d-4308bb0a939c,e68e034f-e15b-4ad0-bbfd-8b468eeb6d92,INLINE,VDE_PE,0.160,Ohm,0.000,0.300,true,2026-06-02T18:04:00Z
46ab97cc-f872-4e8f-8df1-2989322a6d5b,e68e034f-e15b-4ad0-bbfd-8b468eeb6d92,INLINE,FIRST_RUN,10.178,bar,9.500,10.500,true,2026-06-02T18:04:00Z
09c11dbf-5e4c-4bcc-8150-178b47447113,e68e034f-e15b-4ad0-bbfd-8b468eeb6d92,TEST_ROOM,CURRENT_L1,10.070,A,0.000,11.000,true,2026-06-02T18:04:00Z
cfab5227-3e0d-4f92-877c-b36e89c4848e,e68e034f-e15b-4ad0-bbfd-8b468eeb6d92,TEST_ROOM,CURRENT_L2,9.780,A,0.000,11.000,true,2026-06-02T18:04:00Z
a1c52c64-263a-4aa0-be28-6e61a9053736,e68e034f-e15b-4ad0-bbfd-8b468eeb6d92,TEST_ROOM,CURRENT_L3,9.760,A,0.000,11.000,true,2026-06-02T18:04:00Z
4231e2d7-2aff-4747-957c-83030ced8116,e68e034f-e15b-4ad0-bbfd-8b468eeb6d92,TEST_ROOM,NOISE,88.105,dB,0.000,100.000,true,2026-06-02T18:04:00Z
2c6dda53-7ea7-46b0-84cc-cf8c7083783d,bb5ad90d-af3a-455f-b063-c934b4965ab5,INLINE,LEAKAGE,0.233,mbar/s,0.000,1.000,true,2026-06-02T18:22:00Z
0f461141-bbbb-4f9d-b150-dc097b79ee12,bb5ad90d-af3a-455f-b063-c934b4965ab5,INLINE,VDE_PE,0.181,Ohm,0.000,0.300,true,2026-06-02T18:22:00Z
2674146b-3e6c-4ec8-aee1-959ec696a9de,bb5ad90d-af3a-455f-b063-c934b4965ab5,INLINE,FIRST_RUN,10.280,bar,9.500,10.500,true,2026-06-02T18:22:00Z
31cb2b5c-ece1-4305-80b0-059a7ae96a8a,bb5ad90d-af3a-455f-b063-c934b4965ab5,TEST_ROOM,CURRENT_L1,9.800,A,0.000,11.000,true,2026-06-02T18:22:00Z
add72fb1-4e8f-43a6-8dec-ae065d190353,bb5ad90d-af3a-455f-b063-c934b4965ab5,TEST_ROOM,CURRENT_L2,9.690,A,0.000,11.000,true,2026-06-02T18:22:00Z
bbddd4a2-c5c8-45ef-8737-62e09f323ebb,bb5ad90d-af3a-455f-b063-c934b4965ab5,TEST_ROOM,CURRENT_L3,9.950,A,0.000,11.000,true,2026-06-02T18:22:00Z
c859b1e7-f7c1-4877-867c-fc2f2f824aee,bb5ad90d-af3a-455f-b063-c934b4965ab5,TEST_ROOM,NOISE,89.767,dB,0.000,100.000,true,2026-06-02T18:22:00Z
d8789112-6b2e-474e-bdcc-bafdad34864d,f90e8fe5-af6a-4bfe-ad75-b5b8234031f5,INLINE,LEAKAGE,0.249,mbar/s,0.000,1.000,true,2026-06-02T18:40:00Z
86c9d13c-047f-4994-866f-a42f4b154c82,f90e8fe5-af6a-4bfe-ad75-b5b8234031f5,INLINE,VDE_PE,0.238,Ohm,0.000,0.300,true,2026-06-02T18:40:00Z
598464a5-5e82-43d7-8d5b-bb7c344d1666,f90e8fe5-af6a-4bfe-ad75-b5b8234031f5,INLINE,FIRST_RUN,10.288,bar,9.500,10.500,true,2026-06-02T18:40:00Z
13e4b785-7336-4f44-bff5-9c6b98d539a8,f90e8fe5-af6a-4bfe-ad75-b5b8234031f5,TEST_ROOM,CURRENT_L1,10.240,A,0.000,11.000,true,2026-06-02T18:40:00Z
a14a2e32-284a-4795-b83b-98e4c197757f,f90e8fe5-af6a-4bfe-ad75-b5b8234031f5,TEST_ROOM,CURRENT_L2,10.230,A,0.000,11.000,true,2026-06-02T18:40:00Z
f308903d-374c-4202-a0fd-8313e2444abf,f90e8fe5-af6a-4bfe-ad75-b5b8234031f5,TEST_ROOM,CURRENT_L3,10.110,A,0.000,11.000,true,2026-06-02T18:40:00Z
4573bd77-3a59-45b8-9480-4d1afea3a119,f90e8fe5-af6a-4bfe-ad75-b5b8234031f5,TEST_ROOM,NOISE,89.278,dB,0.000,100.000,true,2026-06-02T18:40:00Z
37c44eb4-f3f5-49fd-a6ff-b907d3122d17,2b57a9bf-9c86-4b29-82be-19959b8a4edd,INLINE,LEAKAGE,0.103,mbar/s,0.000,1.000,true,2026-06-02T18:58:00Z
2ab8d1b3-ed48-4d95-b4f3-bd59c8091126,2b57a9bf-9c86-4b29-82be-19959b8a4edd,INLINE,VDE_PE,0.160,Ohm,0.000,0.300,true,2026-06-02T18:58:00Z
59f1600a-afbd-495a-99dc-077d872239ba,2b57a9bf-9c86-4b29-82be-19959b8a4edd,INLINE,FIRST_RUN,10.250,bar,9.500,10.500,true,2026-06-02T18:58:00Z
c8da5234-0e88-4a10-8add-bbfa2188a389,2b57a9bf-9c86-4b29-82be-19959b8a4edd,TEST_ROOM,CURRENT_L1,10.090,A,0.000,11.000,true,2026-06-02T18:58:00Z
aec1cfd7-65b8-44c2-80c6-ab2970c6ce16,2b57a9bf-9c86-4b29-82be-19959b8a4edd,TEST_ROOM,CURRENT_L2,10.050,A,0.000,11.000,true,2026-06-02T18:58:00Z
0f5775c0-c596-4554-ae7a-3330624fd8b3,2b57a9bf-9c86-4b29-82be-19959b8a4edd,TEST_ROOM,CURRENT_L3,9.810,A,0.000,11.000,true,2026-06-02T18:58:00Z
818d41aa-ab93-422c-941a-6ae0046280ec,2b57a9bf-9c86-4b29-82be-19959b8a4edd,TEST_ROOM,NOISE,86.194,dB,0.000,100.000,true,2026-06-02T18:58:00Z
5aea6681-4f2d-4b43-a60b-b57093f824d9,5ca9c3df-f0d5-4ef7-a050-5eda3a278a17,INLINE,LEAKAGE,0.193,mbar/s,0.000,1.000,true,2026-06-02T19:16:00Z
74f6efa5-9246-4dbc-8ea4-ee0387983906,5ca9c3df-f0d5-4ef7-a050-5eda3a278a17,INLINE,VDE_PE,0.197,Ohm,0.000,0.300,true,2026-06-02T19:16:00Z
c3c8d5eb-bdf4-4257-8cd1-5feb5c5a8091,5ca9c3df-f0d5-4ef7-a050-5eda3a278a17,INLINE,FIRST_RUN,10.154,bar,9.500,10.500,true,2026-06-02T19:16:00Z
fa1eb15f-692a-45ab-bd34-d69e292a00fd,5ca9c3df-f0d5-4ef7-a050-5eda3a278a17,TEST_ROOM,CURRENT_L1,10.110,A,0.000,11.000,true,2026-06-02T19:16:00Z
43527767-876e-425d-b0d0-84870e959e9d,5ca9c3df-f0d5-4ef7-a050-5eda3a278a17,TEST_ROOM,CURRENT_L2,9.760,A,0.000,11.000,true,2026-06-02T19:16:00Z
36360600-d4c2-4e55-b6fe-cbb455f57a97,5ca9c3df-f0d5-4ef7-a050-5eda3a278a17,TEST_ROOM,CURRENT_L3,10.170,A,0.000,11.000,true,2026-06-02T19:16:00Z
5588820f-f570-4f9d-8d0d-f664f6ba424d,5ca9c3df-f0d5-4ef7-a050-5eda3a278a17,TEST_ROOM,NOISE,93.867,dB,0.000,100.000,true,2026-06-02T19:16:00Z
16ad0442-99d1-4024-8d29-64fc09ba7d91,3cb550a0-1932-4b21-9051-5a2f3b8e1f20,INLINE,LEAKAGE,0.308,mbar/s,0.000,1.000,true,2026-06-02T19:34:00Z
f35d38c3-de45-4276-92d2-2e5d55d89abd,3cb550a0-1932-4b21-9051-5a2f3b8e1f20,INLINE,VDE_PE,0.160,Ohm,0.000,0.300,true,2026-06-02T19:34:00Z
16803640-75fe-4fa1-acc6-f49309e6ab73,3cb550a0-1932-4b21-9051-5a2f3b8e1f20,INLINE,FIRST_RUN,9.930,bar,9.500,10.500,true,2026-06-02T19:34:00Z
c6b3583e-f544-406a-a42c-b4da91a75685,3cb550a0-1932-4b21-9051-5a2f3b8e1f20,TEST_ROOM,CURRENT_L1,10.030,A,0.000,11.000,true,2026-06-02T19:34:00Z
4b3855d6-0056-4bfb-baf5-27e3778fb5e8,3cb550a0-1932-4b21-9051-5a2f3b8e1f20,TEST_ROOM,CURRENT_L2,9.760,A,0.000,11.000,true,2026-06-02T19:34:00Z
908f3c4c-81db-4bee-9acc-a34d1ec4096a,3cb550a0-1932-4b21-9051-5a2f3b8e1f20,TEST_ROOM,CURRENT_L3,9.780,A,0.000,11.000,true,2026-06-02T19:34:00Z
d188a823-93cb-4f70-b7fd-c3916a79c3fc,3cb550a0-1932-4b21-9051-5a2f3b8e1f20,TEST_ROOM,NOISE,92.302,dB,0.000,100.000,true,2026-06-02T19:34:00Z
45994d46-cf9e-42d9-87e3-99c4c1c2934a,678b5cd6-73a9-4dd2-9eb4-6b3234eb50cf,INLINE,LEAKAGE,0.597,mbar/s,0.000,1.000,true,2026-06-02T19:52:00Z
0e88c56c-a0b3-4d26-8013-7ab59f230869,678b5cd6-73a9-4dd2-9eb4-6b3234eb50cf,INLINE,VDE_PE,0.237,Ohm,0.000,0.300,true,2026-06-02T19:52:00Z
b2ccad39-315a-427d-a1e1-51623f37cea9,678b5cd6-73a9-4dd2-9eb4-6b3234eb50cf,INLINE,FIRST_RUN,9.648,bar,9.500,10.500,true,2026-06-02T19:52:00Z
ccd61673-eeee-41e4-8c21-d54e2a458c82,678b5cd6-73a9-4dd2-9eb4-6b3234eb50cf,TEST_ROOM,CURRENT_L1,9.970,A,0.000,11.000,true,2026-06-02T19:52:00Z
15e3ec2e-affb-45b8-89b4-ce1079c86342,678b5cd6-73a9-4dd2-9eb4-6b3234eb50cf,TEST_ROOM,CURRENT_L2,10.190,A,0.000,11.000,true,2026-06-02T19:52:00Z
29caacc4-8a73-4f23-adf7-351b0f1cb71f,678b5cd6-73a9-4dd2-9eb4-6b3234eb50cf,TEST_ROOM,CURRENT_L3,10.410,A,0.000,11.000,true,2026-06-02T19:52:00Z
130a05f4-9a18-44ce-907b-7eb162b73e9a,678b5cd6-73a9-4dd2-9eb4-6b3234eb50cf,TEST_ROOM,NOISE,92.424,dB,0.000,100.000,true,2026-06-02T19:52:00Z
daff5b9b-8681-40e7-8296-b72c49cbfcc3,b0882eb1-ff1f-477b-90de-248635761897,INLINE,LEAKAGE,0.568,mbar/s,0.000,1.000,true,2026-06-02T20:10:00Z
f0089594-7260-41d2-b886-535808eb3ab4,b0882eb1-ff1f-477b-90de-248635761897,INLINE,VDE_PE,0.228,Ohm,0.000,0.300,true,2026-06-02T20:10:00Z
b0d95ddf-e785-4707-9062-d14572a29c6d,b0882eb1-ff1f-477b-90de-248635761897,INLINE,FIRST_RUN,9.768,bar,9.500,10.500,true,2026-06-02T20:10:00Z
5a4fa985-6145-466e-872f-f644300522d5,b0882eb1-ff1f-477b-90de-248635761897,TEST_ROOM,CURRENT_L1,9.610,A,0.000,11.000,true,2026-06-02T20:10:00Z
ee90f623-5a04-4d3e-a024-c6fb3824b4b3,b0882eb1-ff1f-477b-90de-248635761897,TEST_ROOM,CURRENT_L2,9.520,A,0.000,11.000,true,2026-06-02T20:10:00Z
941d468e-a66c-40a8-b67a-c0dc540086e2,b0882eb1-ff1f-477b-90de-248635761897,TEST_ROOM,CURRENT_L3,9.660,A,0.000,11.000,true,2026-06-02T20:10:00Z
aed27d8d-546d-4fbd-92ca-0541a71b13da,b0882eb1-ff1f-477b-90de-248635761897,TEST_ROOM,NOISE,93.594,dB,0.000,100.000,true,2026-06-02T20:10:00Z
57112fc4-c5fb-4439-8893-482d78139bce,34b8bd10-0d74-4ee0-a41a-5a6401609c75,INLINE,LEAKAGE,0.220,mbar/s,0.000,1.000,true,2026-06-02T20:28:00Z
5af12862-9324-4573-91ff-7e28942891eb,34b8bd10-0d74-4ee0-a41a-5a6401609c75,INLINE,VDE_PE,0.095,Ohm,0.000,0.300,true,2026-06-02T20:28:00Z
a95e01cb-092c-44fe-a573-4241543347c8,34b8bd10-0d74-4ee0-a41a-5a6401609c75,INLINE,FIRST_RUN,10.200,bar,9.500,10.500,true,2026-06-02T20:28:00Z
cbe92810-9f40-45f7-9820-4a5de59098c7,34b8bd10-0d74-4ee0-a41a-5a6401609c75,TEST_ROOM,CURRENT_L1,9.590,A,0.000,11.000,true,2026-06-02T20:28:00Z
ef0dadf0-a607-487f-825f-b47be24f04b6,34b8bd10-0d74-4ee0-a41a-5a6401609c75,TEST_ROOM,CURRENT_L2,9.350,A,0.000,11.000,true,2026-06-02T20:28:00Z
27dd0109-e500-4cff-a20c-cb11f1a8a08b,34b8bd10-0d74-4ee0-a41a-5a6401609c75,TEST_ROOM,CURRENT_L3,9.560,A,0.000,11.000,true,2026-06-02T20:28:00Z
f217f2b2-98b1-42c5-87a0-f424e96810b1,34b8bd10-0d74-4ee0-a41a-5a6401609c75,TEST_ROOM,NOISE,88.582,dB,0.000,100.000,true,2026-06-02T20:28:00Z
81f5bb94-7b80-4efe-9952-1d01e94e2eba,356db0dd-e549-4a23-b1a8-a48dfbd33c22,INLINE,LEAKAGE,0.231,mbar/s,0.000,1.000,true,2026-06-02T20:46:00Z
815dc0ac-0358-4727-90f9-32e24a4534b5,356db0dd-e549-4a23-b1a8-a48dfbd33c22,INLINE,VDE_PE,0.153,Ohm,0.000,0.300,true,2026-06-02T20:46:00Z
e8172f1b-5805-4f67-80b9-6bd27817f571,356db0dd-e549-4a23-b1a8-a48dfbd33c22,INLINE,FIRST_RUN,9.948,bar,9.500,10.500,true,2026-06-02T20:46:00Z
589c5785-14e0-497e-a3e3-e883d8952b46,356db0dd-e549-4a23-b1a8-a48dfbd33c22,TEST_ROOM,CURRENT_L1,9.870,A,0.000,11.000,true,2026-06-02T20:46:00Z
b65fdd15-bd54-40db-88b3-766a627f8f00,356db0dd-e549-4a23-b1a8-a48dfbd33c22,TEST_ROOM,CURRENT_L2,9.560,A,0.000,11.000,true,2026-06-02T20:46:00Z
42da855d-d554-472b-abe7-5c4313434f6c,356db0dd-e549-4a23-b1a8-a48dfbd33c22,TEST_ROOM,CURRENT_L3,9.780,A,0.000,11.000,true,2026-06-02T20:46:00Z
fe0d6907-7885-4ff1-80c7-ca18900bcad9,356db0dd-e549-4a23-b1a8-a48dfbd33c22,TEST_ROOM,NOISE,94.058,dB,0.000,100.000,true,2026-06-02T20:46:00Z
6e67cc8d-3627-4998-8e10-a1e35fb41f05,d47ba674-acca-4fc6-947a-457d2d9ab040,INLINE,LEAKAGE,0.415,mbar/s,0.000,1.000,true,2026-06-02T21:04:00Z
fd057d26-107e-447c-8d78-7ad41afc4810,d47ba674-acca-4fc6-947a-457d2d9ab040,INLINE,VDE_PE,0.064,Ohm,0.000,0.300,true,2026-06-02T21:04:00Z
bd95cf42-58db-4f3e-9be0-10851f6c3568,d47ba674-acca-4fc6-947a-457d2d9ab040,INLINE,FIRST_RUN,9.706,bar,9.500,10.500,true,2026-06-02T21:04:00Z
f44b5a48-83ab-4ea2-bd9f-ec6e8b084ee0,d47ba674-acca-4fc6-947a-457d2d9ab040,TEST_ROOM,CURRENT_L1,9.650,A,0.000,11.000,true,2026-06-02T21:04:00Z
a2ff5e45-f31d-48e2-99d1-2d3c471611d7,d47ba674-acca-4fc6-947a-457d2d9ab040,TEST_ROOM,CURRENT_L2,9.410,A,0.000,11.000,true,2026-06-02T21:04:00Z
db4fdb84-8319-43ea-b149-42c7b582e3b0,d47ba674-acca-4fc6-947a-457d2d9ab040,TEST_ROOM,CURRENT_L3,9.760,A,0.000,11.000,true,2026-06-02T21:04:00Z
eb7e1cb7-4754-4d91-99aa-d1d12822e9ee,d47ba674-acca-4fc6-947a-457d2d9ab040,TEST_ROOM,NOISE,94.273,dB,0.000,100.000,true,2026-06-02T21:04:00Z
4f206a8b-8eb5-4001-86df-3dec742db5b8,01e27621-38ac-4ff7-8a5f-1c8badb639b8,INLINE,LEAKAGE,0.128,mbar/s,0.000,1.000,true,2026-06-02T21:22:00Z
cafd03c5-434a-48fb-9f04-2df977dbcbc4,01e27621-38ac-4ff7-8a5f-1c8badb639b8,INLINE,VDE_PE,0.052,Ohm,0.000,0.300,true,2026-06-02T21:22:00Z
0602b982-738c-48f2-8105-cedb2d821e84,01e27621-38ac-4ff7-8a5f-1c8badb639b8,INLINE,FIRST_RUN,9.720,bar,9.500,10.500,true,2026-06-02T21:22:00Z
e460a956-e335-4ef6-bb4a-b4cbea2bdd8a,01e27621-38ac-4ff7-8a5f-1c8badb639b8,TEST_ROOM,CURRENT_L1,9.860,A,0.000,11.000,true,2026-06-02T21:22:00Z
709c58a6-d5bc-4985-96c6-3e07f7514823,01e27621-38ac-4ff7-8a5f-1c8badb639b8,TEST_ROOM,CURRENT_L2,10.070,A,0.000,11.000,true,2026-06-02T21:22:00Z
987b35d3-5f8f-4aee-a797-765f756479c3,01e27621-38ac-4ff7-8a5f-1c8badb639b8,TEST_ROOM,CURRENT_L3,9.940,A,0.000,11.000,true,2026-06-02T21:22:00Z
65b36c01-b8eb-448d-a119-5236fa6bb30f,01e27621-38ac-4ff7-8a5f-1c8badb639b8,TEST_ROOM,NOISE,93.438,dB,0.000,100.000,true,2026-06-02T21:22:00Z
850ffaef-0335-47c5-9aa0-2c48369028f7,4ec19516-cb69-4b11-8497-5ac87a789cb5,INLINE,LEAKAGE,0.263,mbar/s,0.000,1.000,true,2026-06-02T21:40:00Z
9b845343-a5c9-4486-9bb0-d37143f02044,4ec19516-cb69-4b11-8497-5ac87a789cb5,INLINE,VDE_PE,0.177,Ohm,0.000,0.300,true,2026-06-02T21:40:00Z
87c80555-b144-491f-a080-08de78999077,4ec19516-cb69-4b11-8497-5ac87a789cb5,INLINE,FIRST_RUN,10.148,bar,9.500,10.500,true,2026-06-02T21:40:00Z
3c58fcb6-a5fd-4379-9ea2-2375826bf890,4ec19516-cb69-4b11-8497-5ac87a789cb5,TEST_ROOM,CURRENT_L1,9.700,A,0.000,11.000,true,2026-06-02T21:40:00Z
6998a469-9665-4972-9ae8-93bc23730e3d,4ec19516-cb69-4b11-8497-5ac87a789cb5,TEST_ROOM,CURRENT_L2,9.890,A,0.000,11.000,true,2026-06-02T21:40:00Z
b80a4c7e-2998-470d-ba30-c099fcb3d555,4ec19516-cb69-4b11-8497-5ac87a789cb5,TEST_ROOM,CURRENT_L3,9.790,A,0.000,11.000,true,2026-06-02T21:40:00Z
5abd8d15-3da6-4b19-bb3d-b0096eb91f32,4ec19516-cb69-4b11-8497-5ac87a789cb5,TEST_ROOM,NOISE,86.043,dB,0.000,100.000,true,2026-06-02T21:40:00Z
d03b4bbe-24fd-48d3-b403-ae0ff7f57555,66fac5e4-a14e-4938-a536-28baf07a08ae,INLINE,LEAKAGE,0.290,mbar/s,0.000,1.000,true,2026-06-02T21:58:00Z
27021cd2-d7ca-4960-aef8-f5279d054fbc,66fac5e4-a14e-4938-a536-28baf07a08ae,INLINE,VDE_PE,0.078,Ohm,0.000,0.300,true,2026-06-02T21:58:00Z
c4b821f5-4e4c-43aa-a018-f527c1d34aae,66fac5e4-a14e-4938-a536-28baf07a08ae,INLINE,FIRST_RUN,9.811,bar,9.500,10.500,true,2026-06-02T21:58:00Z
4db81eb6-0fbd-4910-af8c-edffa67bbd01,66fac5e4-a14e-4938-a536-28baf07a08ae,TEST_ROOM,CURRENT_L1,9.630,A,0.000,11.000,true,2026-06-02T21:58:00Z
f0a42d43-d6d0-4e27-8d1e-7c55ffecb43b,66fac5e4-a14e-4938-a536-28baf07a08ae,TEST_ROOM,CURRENT_L2,9.860,A,0.000,11.000,true,2026-06-02T21:58:00Z
5558aba6-0425-47f9-86b0-338f528b26c0,66fac5e4-a14e-4938-a536-28baf07a08ae,TEST_ROOM,CURRENT_L3,9.850,A,0.000,11.000,true,2026-06-02T21:58:00Z
02d4dd55-e286-44bb-9c04-2c5461c53215,66fac5e4-a14e-4938-a536-28baf07a08ae,TEST_ROOM,NOISE,89.327,dB,0.000,100.000,true,2026-06-02T21:58:00Z
1cce3e3d-3060-40c3-b974-7eafc2b3ede5,e68538a8-ddb2-4095-a4a2-00456c126bd5,INLINE,LEAKAGE,0.190,mbar/s,0.000,1.000,true,2026-06-02T22:16:00Z
48b6750a-4408-4865-b5f7-5635b098968f,e68538a8-ddb2-4095-a4a2-00456c126bd5,INLINE,VDE_PE,0.204,Ohm,0.000,0.300,true,2026-06-02T22:16:00Z
174dcf86-9443-4118-ae24-6b6345d6a2e1,e68538a8-ddb2-4095-a4a2-00456c126bd5,INLINE,FIRST_RUN,9.619,bar,9.500,10.500,true,2026-06-02T22:16:00Z
5f8e64c9-2775-4786-843d-2af334b8b840,e68538a8-ddb2-4095-a4a2-00456c126bd5,TEST_ROOM,CURRENT_L1,10.350,A,0.000,11.000,true,2026-06-02T22:16:00Z
59a20d23-352f-45d8-91a6-f8644cc210ff,e68538a8-ddb2-4095-a4a2-00456c126bd5,TEST_ROOM,CURRENT_L2,9.910,A,0.000,11.000,true,2026-06-02T22:16:00Z
33bb633f-6499-4ecd-8bd1-030a317857ab,e68538a8-ddb2-4095-a4a2-00456c126bd5,TEST_ROOM,CURRENT_L3,10.260,A,0.000,11.000,true,2026-06-02T22:16:00Z
65f56d2c-fbe3-471c-b4bb-3891028dca31,e68538a8-ddb2-4095-a4a2-00456c126bd5,TEST_ROOM,NOISE,93.144,dB,0.000,100.000,true,2026-06-02T22:16:00Z
d724dcf9-d3ab-4673-b8bb-93212a1ac90e,2c525e71-2db7-45c8-8ee1-b66eef303cec,INLINE,LEAKAGE,0.379,mbar/s,0.000,1.000,true,2026-06-02T22:34:00Z
d3df1aa5-6ef4-4557-9d7f-952b794febc0,2c525e71-2db7-45c8-8ee1-b66eef303cec,INLINE,VDE_PE,0.188,Ohm,0.000,0.300,true,2026-06-02T22:34:00Z
4e1baf4d-60bb-4419-b0be-8bad37d4cd83,2c525e71-2db7-45c8-8ee1-b66eef303cec,INLINE,FIRST_RUN,9.755,bar,9.500,10.500,true,2026-06-02T22:34:00Z
5c69409f-108c-4a2e-9796-306b738198ec,2c525e71-2db7-45c8-8ee1-b66eef303cec,TEST_ROOM,CURRENT_L1,9.780,A,0.000,11.000,true,2026-06-02T22:34:00Z
2ff7ed12-5d08-4032-8b63-b80b8d3862af,2c525e71-2db7-45c8-8ee1-b66eef303cec,TEST_ROOM,CURRENT_L2,9.910,A,0.000,11.000,true,2026-06-02T22:34:00Z
fe63e49f-a1f6-492d-96e1-e596c9d6b687,2c525e71-2db7-45c8-8ee1-b66eef303cec,TEST_ROOM,CURRENT_L3,9.910,A,0.000,11.000,true,2026-06-02T22:34:00Z
b029aa37-0626-4e41-8c5a-4ba6c3abb8a5,2c525e71-2db7-45c8-8ee1-b66eef303cec,TEST_ROOM,NOISE,85.658,dB,0.000,100.000,true,2026-06-02T22:34:00Z
a979a4b0-14b9-42d8-8a43-1baf6887fc20,2809e726-9ca7-4264-9647-d2a15d032186,INLINE,LEAKAGE,0.315,mbar/s,0.000,1.000,true,2026-06-02T22:52:00Z
fea4229c-b1fb-40a3-b905-7a29b7fcee99,2809e726-9ca7-4264-9647-d2a15d032186,INLINE,VDE_PE,0.051,Ohm,0.000,0.300,true,2026-06-02T22:52:00Z
aa9288fe-1cea-46e8-9bdb-c2c8842f6fd5,2809e726-9ca7-4264-9647-d2a15d032186,INLINE,FIRST_RUN,9.750,bar,9.500,10.500,true,2026-06-02T22:52:00Z
1793e170-b51f-4216-b1ad-71902eff7956,2809e726-9ca7-4264-9647-d2a15d032186,TEST_ROOM,CURRENT_L1,10.028,A,0.000,11.000,true,2026-06-02T22:52:00Z
2984e2ea-4318-47fb-b4df-651908129777,2809e726-9ca7-4264-9647-d2a15d032186,TEST_ROOM,CURRENT_L2,12.153,A,0.000,11.000,false,2026-06-02T22:52:00Z
2f579179-ae12-40af-83e5-d8ab2e1b7081,2809e726-9ca7-4264-9647-d2a15d032186,TEST_ROOM,CURRENT_L3,9.269,A,0.000,11.000,true,2026-06-02T22:52:00Z
ee5ea5de-6cf6-4d00-8b8a-3530e7ac0b06,2809e726-9ca7-4264-9647-d2a15d032186,TEST_ROOM,NOISE,102.104,dB,0.000,100.000,false,2026-06-02T22:52:00Z
c5055b3f-2725-4d2c-854a-c85ff8f8b3c2,069c9fac-b5c5-4e69-a162-20bd51866528,INLINE,LEAKAGE,0.244,mbar/s,0.000,1.000,true,2026-06-02T23:10:00Z
923a2e80-20b9-4d48-b9ee-5cb7f4e604d8,069c9fac-b5c5-4e69-a162-20bd51866528,INLINE,VDE_PE,0.087,Ohm,0.000,0.300,true,2026-06-02T23:10:00Z
217017e9-3c32-4544-af1f-e7b96d6ed4fa,069c9fac-b5c5-4e69-a162-20bd51866528,INLINE,FIRST_RUN,10.189,bar,9.500,10.500,true,2026-06-02T23:10:00Z
d603696d-9e30-4564-9fb2-784c3f83d52a,069c9fac-b5c5-4e69-a162-20bd51866528,TEST_ROOM,CURRENT_L1,10.210,A,0.000,11.000,true,2026-06-02T23:10:00Z
17128bc2-f5cb-4de7-ba70-12d53c68f14a,069c9fac-b5c5-4e69-a162-20bd51866528,TEST_ROOM,CURRENT_L2,10.270,A,0.000,11.000,true,2026-06-02T23:10:00Z
bf231449-cd19-41ac-93f7-1a4dda17820f,069c9fac-b5c5-4e69-a162-20bd51866528,TEST_ROOM,CURRENT_L3,9.990,A,0.000,11.000,true,2026-06-02T23:10:00Z
04f2bd52-c420-4e5d-8522-ff00e155f7f0,069c9fac-b5c5-4e69-a162-20bd51866528,TEST_ROOM,NOISE,86.146,dB,0.000,100.000,true,2026-06-02T23:10:00Z
8357dfec-65b6-46bf-af69-dcb34ee13ab1,b178f568-63b1-4277-a2bb-d3daffb9f689,INLINE,LEAKAGE,0.533,mbar/s,0.000,1.000,true,2026-06-02T23:28:00Z
038a1d1a-772c-4073-be73-27a8c91023e0,b178f568-63b1-4277-a2bb-d3daffb9f689,INLINE,VDE_PE,0.073,Ohm,0.000,0.300,true,2026-06-02T23:28:00Z
96a16bc2-c601-4123-8b19-48bcf1497e1c,b178f568-63b1-4277-a2bb-d3daffb9f689,INLINE,FIRST_RUN,10.168,bar,9.500,10.500,true,2026-06-02T23:28:00Z
5cbb5de6-3f3d-481b-b3b1-8406a923a501,b178f568-63b1-4277-a2bb-d3daffb9f689,TEST_ROOM,CURRENT_L1,9.810,A,0.000,11.000,true,2026-06-02T23:28:00Z
5b67fa60-96ca-4810-9a55-944f4a6e38eb,b178f568-63b1-4277-a2bb-d3daffb9f689,TEST_ROOM,CURRENT_L2,9.780,A,0.000,11.000,true,2026-06-02T23:28:00Z
e5fc819f-f638-44af-aa32-858084121dd0,b178f568-63b1-4277-a2bb-d3daffb9f689,TEST_ROOM,CURRENT_L3,9.880,A,0.000,11.000,true,2026-06-02T23:28:00Z
e060d7d4-bf10-4c95-8556-330115c6fc32,b178f568-63b1-4277-a2bb-d3daffb9f689,TEST_ROOM,NOISE,90.713,dB,0.000,100.000,true,2026-06-02T23:28:00Z
1fef05d2-d36d-4b25-9fdb-d7cd9f3ecd6b,c30afc32-cdcd-4a86-ab72-b3b45fa76ed8,INLINE,LEAKAGE,0.147,mbar/s,0.000,1.000,true,2026-06-02T23:46:00Z
5ede577a-0e86-459f-9bad-d44b68a7dbfe,c30afc32-cdcd-4a86-ab72-b3b45fa76ed8,INLINE,VDE_PE,0.153,Ohm,0.000,0.300,true,2026-06-02T23:46:00Z
33f02730-1e57-4efd-9f3b-85a86c266f66,c30afc32-cdcd-4a86-ab72-b3b45fa76ed8,INLINE,FIRST_RUN,9.795,bar,9.500,10.500,true,2026-06-02T23:46:00Z
deec53fa-a658-465e-a466-6a8f203baf2a,c30afc32-cdcd-4a86-ab72-b3b45fa76ed8,TEST_ROOM,CURRENT_L1,10.170,A,0.000,11.000,true,2026-06-02T23:46:00Z
5450f998-9863-499c-91f4-7cd1f800c4a0,c30afc32-cdcd-4a86-ab72-b3b45fa76ed8,TEST_ROOM,CURRENT_L2,10.520,A,0.000,11.000,true,2026-06-02T23:46:00Z
7b08142c-7b6e-4117-a9c3-df0a09ab042f,c30afc32-cdcd-4a86-ab72-b3b45fa76ed8,TEST_ROOM,CURRENT_L3,10.150,A,0.000,11.000,true,2026-06-02T23:46:00Z
2510191d-516e-41cd-9e29-ac74b09680e6,c30afc32-cdcd-4a86-ab72-b3b45fa76ed8,TEST_ROOM,NOISE,84.027,dB,0.000,100.000,true,2026-06-02T23:46:00Z
e67969d4-7be1-4907-aaac-73843664a0c5,d2b9e90e-a0c2-4d19-9609-9810dd1e7844,INLINE,LEAKAGE,0.280,mbar/s,0.000,1.000,true,2026-06-03T00:04:00Z
28482cc1-0677-4e22-bd9a-9b70e6800c65,d2b9e90e-a0c2-4d19-9609-9810dd1e7844,INLINE,VDE_PE,0.066,Ohm,0.000,0.300,true,2026-06-03T00:04:00Z
12bbd486-a04e-4351-8348-5b65129c3f4e,d2b9e90e-a0c2-4d19-9609-9810dd1e7844,INLINE,FIRST_RUN,10.065,bar,9.500,10.500,true,2026-06-03T00:04:00Z
cffe784c-419f-4727-8910-bf10d1c3e0eb,d2b9e90e-a0c2-4d19-9609-9810dd1e7844,TEST_ROOM,CURRENT_L1,9.750,A,0.000,11.000,true,2026-06-03T00:04:00Z
bc2fb14c-d828-409d-b56f-d102e037026c,d2b9e90e-a0c2-4d19-9609-9810dd1e7844,TEST_ROOM,CURRENT_L2,10.090,A,0.000,11.000,true,2026-06-03T00:04:00Z
ed35f4fd-f7a0-41c0-a81d-4ff131c3a0ce,d2b9e90e-a0c2-4d19-9609-9810dd1e7844,TEST_ROOM,CURRENT_L3,10.150,A,0.000,11.000,true,2026-06-03T00:04:00Z
1cc527e8-626d-4c02-a10b-ed277b42516a,d2b9e90e-a0c2-4d19-9609-9810dd1e7844,TEST_ROOM,NOISE,92.308,dB,0.000,100.000,true,2026-06-03T00:04:00Z
5dc55e09-6eac-4ee9-a543-5df6ae1113c6,1f2bb5a4-ffa3-4c93-bf57-781a3d6342e9,INLINE,LEAKAGE,0.207,mbar/s,0.000,1.000,true,2026-06-03T00:22:00Z
a8677a44-18cc-4f29-a055-3eb9226d0eec,1f2bb5a4-ffa3-4c93-bf57-781a3d6342e9,INLINE,VDE_PE,0.200,Ohm,0.000,0.300,true,2026-06-03T00:22:00Z
fd8b3913-6a4d-4943-8385-5d6e408bad26,1f2bb5a4-ffa3-4c93-bf57-781a3d6342e9,INLINE,FIRST_RUN,10.244,bar,9.500,10.500,true,2026-06-03T00:22:00Z
cc60caf6-7e16-421e-bcc7-b5c052479247,1f2bb5a4-ffa3-4c93-bf57-781a3d6342e9,TEST_ROOM,CURRENT_L1,9.960,A,0.000,11.000,true,2026-06-03T00:22:00Z
301c55c8-1383-4b25-aaae-0c490e671d9b,1f2bb5a4-ffa3-4c93-bf57-781a3d6342e9,TEST_ROOM,CURRENT_L2,9.820,A,0.000,11.000,true,2026-06-03T00:22:00Z
cd9c8968-ff68-4fe6-bdcc-7669f6018ad4,1f2bb5a4-ffa3-4c93-bf57-781a3d6342e9,TEST_ROOM,CURRENT_L3,10.230,A,0.000,11.000,true,2026-06-03T00:22:00Z
d9d6a88b-687c-43ae-b193-b853f59cbd36,1f2bb5a4-ffa3-4c93-bf57-781a3d6342e9,TEST_ROOM,NOISE,85.540,dB,0.000,100.000,true,2026-06-03T00:22:00Z
8feef4ce-914c-4c2a-889e-6009e16312ac,e5552f4f-c16c-4918-b0ca-98c2d220f831,INLINE,LEAKAGE,0.441,mbar/s,0.000,1.000,true,2026-06-03T00:40:00Z
17eb6cee-5e4b-4fcf-8b30-548f5b6835de,e5552f4f-c16c-4918-b0ca-98c2d220f831,INLINE,VDE_PE,0.203,Ohm,0.000,0.300,true,2026-06-03T00:40:00Z
22114978-e8fe-4b5d-8376-89472ff0cab9,e5552f4f-c16c-4918-b0ca-98c2d220f831,INLINE,FIRST_RUN,10.268,bar,9.500,10.500,true,2026-06-03T00:40:00Z
e944b2a1-78e3-4a08-85e9-5fd41ebeaee8,e5552f4f-c16c-4918-b0ca-98c2d220f831,TEST_ROOM,CURRENT_L1,9.830,A,0.000,11.000,true,2026-06-03T00:40:00Z
61484774-60bf-489a-ba75-538981d214a5,e5552f4f-c16c-4918-b0ca-98c2d220f831,TEST_ROOM,CURRENT_L2,9.860,A,0.000,11.000,true,2026-06-03T00:40:00Z
a6eeec1d-d56c-490d-a48c-daea3c019273,e5552f4f-c16c-4918-b0ca-98c2d220f831,TEST_ROOM,CURRENT_L3,9.970,A,0.000,11.000,true,2026-06-03T00:40:00Z
9294cd6d-f9a9-48ea-8bc8-26246905aa12,e5552f4f-c16c-4918-b0ca-98c2d220f831,TEST_ROOM,NOISE,84.438,dB,0.000,100.000,true,2026-06-03T00:40:00Z
5d9c8f27-a6b2-4675-9080-b9b0fdd21cd3,cbd5f1aa-e6c5-4061-b2c7-4102687b134d,INLINE,LEAKAGE,0.348,mbar/s,0.000,1.000,true,2026-06-03T00:58:00Z
77eaf986-1c0d-49d2-8963-3d5a2305262c,cbd5f1aa-e6c5-4061-b2c7-4102687b134d,INLINE,VDE_PE,0.119,Ohm,0.000,0.300,true,2026-06-03T00:58:00Z
67a00102-ae13-4cf7-b515-69034d2b7199,cbd5f1aa-e6c5-4061-b2c7-4102687b134d,INLINE,FIRST_RUN,9.962,bar,9.500,10.500,true,2026-06-03T00:58:00Z
82f9a7d3-018d-4ef3-818c-59877bb8e85b,cbd5f1aa-e6c5-4061-b2c7-4102687b134d,TEST_ROOM,CURRENT_L1,10.010,A,0.000,11.000,true,2026-06-03T00:58:00Z
8080fc6b-9cd9-4be8-bf97-f8f887c70bf7,cbd5f1aa-e6c5-4061-b2c7-4102687b134d,TEST_ROOM,CURRENT_L2,10.080,A,0.000,11.000,true,2026-06-03T00:58:00Z
ff67e635-58df-4f8c-b627-f7cabe17bdde,cbd5f1aa-e6c5-4061-b2c7-4102687b134d,TEST_ROOM,CURRENT_L3,10.310,A,0.000,11.000,true,2026-06-03T00:58:00Z
a9186bee-5a22-4beb-be3c-66ec9fdc292e,cbd5f1aa-e6c5-4061-b2c7-4102687b134d,TEST_ROOM,NOISE,93.608,dB,0.000,100.000,true,2026-06-03T00:58:00Z
bc052806-639a-4fc3-aadf-18116ef31c1a,e2fad1fe-420a-4926-b8fd-8af508d2b1fb,INLINE,LEAKAGE,0.224,mbar/s,0.000,1.000,true,2026-06-03T01:16:00Z
22781330-8e30-4dfc-b98c-f2af3ff5cc46,e2fad1fe-420a-4926-b8fd-8af508d2b1fb,INLINE,VDE_PE,0.233,Ohm,0.000,0.300,true,2026-06-03T01:16:00Z
74a4bead-0d45-48ea-917e-ac4ea3e0252a,e2fad1fe-420a-4926-b8fd-8af508d2b1fb,INLINE,FIRST_RUN,9.824,bar,9.500,10.500,true,2026-06-03T01:16:00Z
a4b45291-1be8-4991-abb8-acd12094fd9e,e2fad1fe-420a-4926-b8fd-8af508d2b1fb,TEST_ROOM,CURRENT_L1,10.200,A,0.000,11.000,true,2026-06-03T01:16:00Z
9d971002-3eaa-447c-a0d3-07a744473ed0,e2fad1fe-420a-4926-b8fd-8af508d2b1fb,TEST_ROOM,CURRENT_L2,9.930,A,0.000,11.000,true,2026-06-03T01:16:00Z
2ee9a491-4ac9-429d-84af-3faea867a52a,e2fad1fe-420a-4926-b8fd-8af508d2b1fb,TEST_ROOM,CURRENT_L3,10.260,A,0.000,11.000,true,2026-06-03T01:16:00Z
7e27bf4c-fc58-467b-80e2-d42b72c7b71c,e2fad1fe-420a-4926-b8fd-8af508d2b1fb,TEST_ROOM,NOISE,84.579,dB,0.000,100.000,true,2026-06-03T01:16:00Z
7cd65e63-a266-4a1b-b0fb-df269291c3e1,d45f01dd-4db0-4c7f-9d37-bda13dc8dd03,INLINE,LEAKAGE,0.464,mbar/s,0.000,1.000,true,2026-06-03T01:34:00Z
54648c79-cda6-4cc4-ba2b-556f8eb6c508,d45f01dd-4db0-4c7f-9d37-bda13dc8dd03,INLINE,VDE_PE,0.071,Ohm,0.000,0.300,true,2026-06-03T01:34:00Z
8078c462-b783-4529-bcef-4da4bb256930,d45f01dd-4db0-4c7f-9d37-bda13dc8dd03,INLINE,FIRST_RUN,9.971,bar,9.500,10.500,true,2026-06-03T01:34:00Z
5840b6ff-6771-4901-963e-ec0fcc52cb88,d45f01dd-4db0-4c7f-9d37-bda13dc8dd03,TEST_ROOM,CURRENT_L1,9.690,A,0.000,11.000,true,2026-06-03T01:34:00Z
18d20cc3-6a5e-4410-a66b-41461a637d07,d45f01dd-4db0-4c7f-9d37-bda13dc8dd03,TEST_ROOM,CURRENT_L2,9.430,A,0.000,11.000,true,2026-06-03T01:34:00Z
d6ea8ab7-5542-44f4-97af-210dac4e4f83,d45f01dd-4db0-4c7f-9d37-bda13dc8dd03,TEST_ROOM,CURRENT_L3,9.990,A,0.000,11.000,true,2026-06-03T01:34:00Z
3cd59dfd-1dbc-4c9c-a558-7ef6918e9fc2,d45f01dd-4db0-4c7f-9d37-bda13dc8dd03,TEST_ROOM,NOISE,91.828,dB,0.000,100.000,true,2026-06-03T01:34:00Z
1162c3b3-2532-4842-b8ee-48d7bb03a094,ec4ba183-fa1e-45c4-b7b0-e53c2e891d61,INLINE,LEAKAGE,1.532,mbar/s,0.000,1.000,false,2026-06-03T01:52:00Z
79fa606c-fa34-4c04-b6cb-0126df46ed39,ec4ba183-fa1e-45c4-b7b0-e53c2e891d61,INLINE,VDE_PE,0.082,Ohm,0.000,0.300,true,2026-06-03T01:52:00Z
02d75484-754b-4ff5-b498-b5eeb33af932,ec4ba183-fa1e-45c4-b7b0-e53c2e891d61,INLINE,FIRST_RUN,10.080,bar,9.500,10.500,true,2026-06-03T01:52:00Z
891a8d91-8150-4f4e-9301-1f6b2bd18736,ec4ba183-fa1e-45c4-b7b0-e53c2e891d61,TEST_ROOM,CURRENT_L1,10.280,A,0.000,11.000,true,2026-06-03T01:52:00Z
127546d0-6775-49f4-bf8a-78bca39d35fd,ec4ba183-fa1e-45c4-b7b0-e53c2e891d61,TEST_ROOM,CURRENT_L2,9.890,A,0.000,11.000,true,2026-06-03T01:52:00Z
face3b16-0b3a-4428-a8a8-28763782e619,ec4ba183-fa1e-45c4-b7b0-e53c2e891d61,TEST_ROOM,CURRENT_L3,10.360,A,0.000,11.000,true,2026-06-03T01:52:00Z
a76804cc-4624-4c02-91a9-9ff0a1e4e8b4,ec4ba183-fa1e-45c4-b7b0-e53c2e891d61,TEST_ROOM,NOISE,87.606,dB,0.000,100.000,true,2026-06-03T01:52:00Z
ccc6c048-a080-46fe-85ff-54a327f2d857,1245651e-ef9a-4d04-ba83-ea3dd69bde2b,INLINE,LEAKAGE,0.125,mbar/s,0.000,1.000,true,2026-06-03T02:10:00Z
6a42a18d-48c2-43a7-8e32-dc984f578a57,1245651e-ef9a-4d04-ba83-ea3dd69bde2b,INLINE,VDE_PE,0.235,Ohm,0.000,0.300,true,2026-06-03T02:10:00Z
044cd476-5d65-426d-86c1-f74306d4ba0a,1245651e-ef9a-4d04-ba83-ea3dd69bde2b,INLINE,FIRST_RUN,9.903,bar,9.500,10.500,true,2026-06-03T02:10:00Z
c4233eb5-fd28-4a2e-98cc-f256932bb9da,1245651e-ef9a-4d04-ba83-ea3dd69bde2b,TEST_ROOM,CURRENT_L1,10.080,A,0.000,11.000,true,2026-06-03T02:10:00Z
18791085-dede-4806-8a6f-913ae034e055,1245651e-ef9a-4d04-ba83-ea3dd69bde2b,TEST_ROOM,CURRENT_L2,10.010,A,0.000,11.000,true,2026-06-03T02:10:00Z
95b73216-1d2c-465f-8a45-0575f035876a,1245651e-ef9a-4d04-ba83-ea3dd69bde2b,TEST_ROOM,CURRENT_L3,10.040,A,0.000,11.000,true,2026-06-03T02:10:00Z
0698be6c-6b0e-44ff-a8c2-b772313ddc27,1245651e-ef9a-4d04-ba83-ea3dd69bde2b,TEST_ROOM,NOISE,87.893,dB,0.000,100.000,true,2026-06-03T02:10:00Z
f1a394e2-c0dd-48ed-9311-3633e666098c,d98ebe6c-28d0-47ca-87e5-e20ccba8a1d1,INLINE,LEAKAGE,0.365,mbar/s,0.000,1.000,true,2026-06-03T02:28:00Z
77d32521-8e37-4e2f-a61a-2396d148da64,d98ebe6c-28d0-47ca-87e5-e20ccba8a1d1,INLINE,VDE_PE,0.203,Ohm,0.000,0.300,true,2026-06-03T02:28:00Z
cb763102-c9eb-4821-b8ae-7e3b23acbadc,d98ebe6c-28d0-47ca-87e5-e20ccba8a1d1,INLINE,FIRST_RUN,10.300,bar,9.500,10.500,true,2026-06-03T02:28:00Z
fd993538-0700-469a-b237-edf9aceecef4,d98ebe6c-28d0-47ca-87e5-e20ccba8a1d1,TEST_ROOM,CURRENT_L1,10.040,A,0.000,11.000,true,2026-06-03T02:28:00Z
7c771640-87cf-4da9-a1bf-751ad723a7d1,d98ebe6c-28d0-47ca-87e5-e20ccba8a1d1,TEST_ROOM,CURRENT_L2,10.370,A,0.000,11.000,true,2026-06-03T02:28:00Z
44814d8b-b82d-4914-b521-a896800d19cf,d98ebe6c-28d0-47ca-87e5-e20ccba8a1d1,TEST_ROOM,CURRENT_L3,10.140,A,0.000,11.000,true,2026-06-03T02:28:00Z
6e9f6530-2498-4386-a807-b3e55ccc222e,d98ebe6c-28d0-47ca-87e5-e20ccba8a1d1,TEST_ROOM,NOISE,92.979,dB,0.000,100.000,true,2026-06-03T02:28:00Z
6f4b6e62-0c34-4bd9-b23d-678cb8e96444,1343d9db-6c07-48c0-b8d1-20ae1360ac7e,INLINE,LEAKAGE,0.458,mbar/s,0.000,1.000,true,2026-06-03T02:46:00Z
93e83615-d43c-4ac0-984a-bdeb78a68095,1343d9db-6c07-48c0-b8d1-20ae1360ac7e,INLINE,VDE_PE,0.234,Ohm,0.000,0.300,true,2026-06-03T02:46:00Z
3e149e7c-950b-48fc-b0f8-74fe774af1d0,1343d9db-6c07-48c0-b8d1-20ae1360ac7e,INLINE,FIRST_RUN,10.191,bar,9.500,10.500,true,2026-06-03T02:46:00Z
305facbe-5587-4039-b48e-767a208c0cec,1343d9db-6c07-48c0-b8d1-20ae1360ac7e,TEST_ROOM,CURRENT_L1,9.470,A,0.000,11.000,true,2026-06-03T02:46:00Z
8de1fe53-b320-4490-8b47-67c6027ad9a8,1343d9db-6c07-48c0-b8d1-20ae1360ac7e,TEST_ROOM,CURRENT_L2,9.810,A,0.000,11.000,true,2026-06-03T02:46:00Z
96bf1eef-cd8f-4c33-aa9e-05a58b325dc3,1343d9db-6c07-48c0-b8d1-20ae1360ac7e,TEST_ROOM,CURRENT_L3,10.010,A,0.000,11.000,true,2026-06-03T02:46:00Z
f0bf115d-5baf-4f1c-b549-4bce437eefec,1343d9db-6c07-48c0-b8d1-20ae1360ac7e,TEST_ROOM,NOISE,92.518,dB,0.000,100.000,true,2026-06-03T02:46:00Z
b25b2617-4d01-48de-9ce1-cdd692324707,090b443b-a0cc-4db9-8e66-b4a04e0f21e9,INLINE,LEAKAGE,0.473,mbar/s,0.000,1.000,true,2026-06-03T03:04:00Z
da0d8b98-ce8e-455a-a228-5b0696c7b3a7,090b443b-a0cc-4db9-8e66-b4a04e0f21e9,INLINE,VDE_PE,0.098,Ohm,0.000,0.300,true,2026-06-03T03:04:00Z
68bcd7f9-1203-4aa2-85b0-e07344177e22,090b443b-a0cc-4db9-8e66-b4a04e0f21e9,INLINE,FIRST_RUN,10.288,bar,9.500,10.500,true,2026-06-03T03:04:00Z
cdb951b5-c11d-4e2b-bc31-35b18d39334b,090b443b-a0cc-4db9-8e66-b4a04e0f21e9,TEST_ROOM,CURRENT_L1,9.870,A,0.000,11.000,true,2026-06-03T03:04:00Z
cc97ec93-9698-4d0e-91fd-f1538b5b69c7,090b443b-a0cc-4db9-8e66-b4a04e0f21e9,TEST_ROOM,CURRENT_L2,9.390,A,0.000,11.000,true,2026-06-03T03:04:00Z
52f49e62-10f9-425d-951f-3c017582bc5d,090b443b-a0cc-4db9-8e66-b4a04e0f21e9,TEST_ROOM,CURRENT_L3,9.760,A,0.000,11.000,true,2026-06-03T03:04:00Z
11b826e6-a6c4-480a-b82f-0168acd03168,090b443b-a0cc-4db9-8e66-b4a04e0f21e9,TEST_ROOM,NOISE,91.030,dB,0.000,100.000,true,2026-06-03T03:04:00Z
12a1546f-6b91-4923-b08f-820dc5dceef0,9b96d685-a3f2-4448-a6cc-672dc3b3f6f4,INLINE,LEAKAGE,0.452,mbar/s,0.000,1.000,true,2026-06-03T03:22:00Z
c0ae4d85-f9c2-4096-9f8e-6437ab8b798b,9b96d685-a3f2-4448-a6cc-672dc3b3f6f4,INLINE,VDE_PE,0.136,Ohm,0.000,0.300,true,2026-06-03T03:22:00Z
5aac35f1-1fac-4a2a-9148-ecf3badd2332,9b96d685-a3f2-4448-a6cc-672dc3b3f6f4,INLINE,FIRST_RUN,10.058,bar,9.500,10.500,true,2026-06-03T03:22:00Z
a51d79e5-a9fd-4754-9a22-3addb7cb78e2,9b96d685-a3f2-4448-a6cc-672dc3b3f6f4,TEST_ROOM,CURRENT_L1,10.179,A,0.000,11.000,true,2026-06-03T03:22:00Z
ac6af481-1cf0-45a1-82de-60d7391b4214,9b96d685-a3f2-4448-a6cc-672dc3b3f6f4,TEST_ROOM,CURRENT_L2,9.373,A,0.000,11.000,true,2026-06-03T03:22:00Z
cf0c6880-509f-4a87-89d1-875fa6544440,9b96d685-a3f2-4448-a6cc-672dc3b3f6f4,TEST_ROOM,CURRENT_L3,12.308,A,0.000,11.000,false,2026-06-03T03:22:00Z
32f8d4bd-c60c-4c4e-bac1-7f476ac326ab,9b96d685-a3f2-4448-a6cc-672dc3b3f6f4,TEST_ROOM,NOISE,97.330,dB,0.000,100.000,true,2026-06-03T03:22:00Z
35855dbc-7439-4e28-8734-65070e3d0766,6733aaf2-4dab-4be0-a551-8b7b82d04814,INLINE,LEAKAGE,0.333,mbar/s,0.000,1.000,true,2026-06-03T03:40:00Z
308193eb-73f9-4016-b358-eb0a1650803b,6733aaf2-4dab-4be0-a551-8b7b82d04814,INLINE,VDE_PE,0.095,Ohm,0.000,0.300,true,2026-06-03T03:40:00Z
6215f750-846e-417e-a274-c55ea72e22de,6733aaf2-4dab-4be0-a551-8b7b82d04814,INLINE,FIRST_RUN,9.788,bar,9.500,10.500,true,2026-06-03T03:40:00Z
6456f628-a1c5-4b63-ae32-291890664241,6733aaf2-4dab-4be0-a551-8b7b82d04814,TEST_ROOM,CURRENT_L1,9.700,A,0.000,11.000,true,2026-06-03T03:40:00Z
8f109837-b8fe-4478-874f-5cf5b4019268,6733aaf2-4dab-4be0-a551-8b7b82d04814,TEST_ROOM,CURRENT_L2,9.650,A,0.000,11.000,true,2026-06-03T03:40:00Z
9155ac45-24a4-4b30-a3b3-5570bd21cb1a,6733aaf2-4dab-4be0-a551-8b7b82d04814,TEST_ROOM,CURRENT_L3,9.300,A,0.000,11.000,true,2026-06-03T03:40:00Z
f5dbcaf6-d052-4c2f-bf35-b2557fd897ba,6733aaf2-4dab-4be0-a551-8b7b82d04814,TEST_ROOM,NOISE,87.782,dB,0.000,100.000,true,2026-06-03T03:40:00Z
eb9403fe-9ce3-4355-948a-088896b02fcb,5bd6daba-b2ab-4507-8170-963fe112d04c,INLINE,LEAKAGE,0.144,mbar/s,0.000,1.000,true,2026-06-03T03:58:00Z
f7f36501-0206-485c-9261-0d136ac44397,5bd6daba-b2ab-4507-8170-963fe112d04c,INLINE,VDE_PE,0.161,Ohm,0.000,0.300,true,2026-06-03T03:58:00Z
ad5d64b7-f827-4fb2-be76-c247c9e147da,5bd6daba-b2ab-4507-8170-963fe112d04c,INLINE,FIRST_RUN,9.986,bar,9.500,10.500,true,2026-06-03T03:58:00Z
e7a45bc4-60ab-4ba3-a581-6d8342386a5c,5bd6daba-b2ab-4507-8170-963fe112d04c,TEST_ROOM,CURRENT_L1,10.200,A,0.000,11.000,true,2026-06-03T03:58:00Z
d613c1a2-e360-4739-a35e-15dc7fb08a01,5bd6daba-b2ab-4507-8170-963fe112d04c,TEST_ROOM,CURRENT_L2,10.440,A,0.000,11.000,true,2026-06-03T03:58:00Z
bccfe5f5-ed1e-48e5-81b3-161683cc2e7d,5bd6daba-b2ab-4507-8170-963fe112d04c,TEST_ROOM,CURRENT_L3,9.890,A,0.000,11.000,true,2026-06-03T03:58:00Z
d9cd9931-4be3-4a07-98a6-d5ab286c90f0,5bd6daba-b2ab-4507-8170-963fe112d04c,TEST_ROOM,NOISE,91.705,dB,0.000,100.000,true,2026-06-03T03:58:00Z
1941387e-be07-4de0-919a-dd2eed34930c,2f7e602e-19eb-4afe-9c8e-9a50cc27c15c,INLINE,LEAKAGE,0.149,mbar/s,0.000,1.000,true,2026-06-03T04:16:00Z
85f2919c-342f-499e-8dd3-5592856c0a9c,2f7e602e-19eb-4afe-9c8e-9a50cc27c15c,INLINE,VDE_PE,0.224,Ohm,0.000,0.300,true,2026-06-03T04:16:00Z
2b12e0e5-886a-4c7b-bb69-f4c60802bdf4,2f7e602e-19eb-4afe-9c8e-9a50cc27c15c,INLINE,FIRST_RUN,9.694,bar,9.500,10.500,true,2026-06-03T04:16:00Z
88e1b18b-48a0-4704-962c-5216518665cd,2f7e602e-19eb-4afe-9c8e-9a50cc27c15c,TEST_ROOM,CURRENT_L1,10.250,A,0.000,11.000,true,2026-06-03T04:16:00Z
2382ec69-e572-4e95-9aff-4d71f9024990,2f7e602e-19eb-4afe-9c8e-9a50cc27c15c,TEST_ROOM,CURRENT_L2,10.470,A,0.000,11.000,true,2026-06-03T04:16:00Z
bb3cc620-494d-4870-ae46-d3c7e6f71981,2f7e602e-19eb-4afe-9c8e-9a50cc27c15c,TEST_ROOM,CURRENT_L3,10.140,A,0.000,11.000,true,2026-06-03T04:16:00Z
65aa34fc-c67d-4e75-987a-01d14347aaa7,2f7e602e-19eb-4afe-9c8e-9a50cc27c15c,TEST_ROOM,NOISE,88.585,dB,0.000,100.000,true,2026-06-03T04:16:00Z
45ab53ee-750c-436c-b660-386d922a3bd4,69dd5751-40ba-4025-ba75-b7cd69ccd035,INLINE,LEAKAGE,0.393,mbar/s,0.000,1.000,true,2026-06-03T04:34:00Z
2ebdeb7c-8684-442e-aa21-e7a290626e28,69dd5751-40ba-4025-ba75-b7cd69ccd035,INLINE,VDE_PE,0.120,Ohm,0.000,0.300,true,2026-06-03T04:34:00Z
5b29cf02-c453-4fda-bdd6-5d1bff182bf9,69dd5751-40ba-4025-ba75-b7cd69ccd035,INLINE,FIRST_RUN,9.714,bar,9.500,10.500,true,2026-06-03T04:34:00Z
1ad85fea-c126-40d2-ba44-54a34600ca99,69dd5751-40ba-4025-ba75-b7cd69ccd035,TEST_ROOM,CURRENT_L1,10.360,A,0.000,11.000,true,2026-06-03T04:34:00Z
0bada6f6-afdd-4394-a2da-5017c321ffeb,69dd5751-40ba-4025-ba75-b7cd69ccd035,TEST_ROOM,CURRENT_L2,10.330,A,0.000,11.000,true,2026-06-03T04:34:00Z
b63fc41e-0a87-4a1d-86b6-c71cb465b21d,69dd5751-40ba-4025-ba75-b7cd69ccd035,TEST_ROOM,CURRENT_L3,10.090,A,0.000,11.000,true,2026-06-03T04:34:00Z
7ae0e6f3-7998-4c6e-9207-ae42ca3c8920,69dd5751-40ba-4025-ba75-b7cd69ccd035,TEST_ROOM,NOISE,88.252,dB,0.000,100.000,true,2026-06-03T04:34:00Z
f3f49814-f661-40ca-8d66-0ba58d63ba72,3469a9fa-41f6-4cf3-a9f9-45e8bb00479b,INLINE,LEAKAGE,0.442,mbar/s,0.000,1.000,true,2026-06-03T04:52:00Z
f2fe0287-60e4-4e21-abee-7de68fc39f6b,3469a9fa-41f6-4cf3-a9f9-45e8bb00479b,INLINE,VDE_PE,0.146,Ohm,0.000,0.300,true,2026-06-03T04:52:00Z
a1d213b7-6034-481c-beaf-3c30c494807e,3469a9fa-41f6-4cf3-a9f9-45e8bb00479b,INLINE,FIRST_RUN,9.835,bar,9.500,10.500,true,2026-06-03T04:52:00Z
7f7ea5b0-a5da-4fe7-ab43-47fe8ae19153,3469a9fa-41f6-4cf3-a9f9-45e8bb00479b,TEST_ROOM,CURRENT_L1,9.620,A,0.000,11.000,true,2026-06-03T04:52:00Z
ed776b04-e0de-485b-b252-0c5c709383b8,3469a9fa-41f6-4cf3-a9f9-45e8bb00479b,TEST_ROOM,CURRENT_L2,9.590,A,0.000,11.000,true,2026-06-03T04:52:00Z
877fc96b-7734-421f-9b43-3d653b0267fe,3469a9fa-41f6-4cf3-a9f9-45e8bb00479b,TEST_ROOM,CURRENT_L3,9.810,A,0.000,11.000,true,2026-06-03T04:52:00Z
33cfa85a-646b-45d6-9f51-eed13b218b3f,3469a9fa-41f6-4cf3-a9f9-45e8bb00479b,TEST_ROOM,NOISE,94.474,dB,0.000,100.000,true,2026-06-03T04:52:00Z
2509c824-a2ce-43de-b5b4-19ee26fb1e27,c76e63a0-d772-46cb-b87f-c9139d0ba924,INLINE,LEAKAGE,0.145,mbar/s,0.000,1.000,true,2026-06-03T05:10:00Z
e5579b29-693e-41e1-ada8-c9fa83eaf79f,c76e63a0-d772-46cb-b87f-c9139d0ba924,INLINE,VDE_PE,0.121,Ohm,0.000,0.300,true,2026-06-03T05:10:00Z
26c39bfc-65d7-4757-bab0-2a5d67741836,c76e63a0-d772-46cb-b87f-c9139d0ba924,INLINE,FIRST_RUN,10.121,bar,9.500,10.500,true,2026-06-03T05:10:00Z
e4c1297d-c6f4-47aa-8a1a-c886ab3493bb,c76e63a0-d772-46cb-b87f-c9139d0ba924,TEST_ROOM,CURRENT_L1,9.663,A,0.000,11.000,true,2026-06-03T05:10:00Z
5dfa169f-e6cd-4631-aa6d-b150c4baffa8,c76e63a0-d772-46cb-b87f-c9139d0ba924,TEST_ROOM,CURRENT_L2,12.878,A,0.000,11.000,false,2026-06-03T05:10:00Z
3b246126-31d3-4b09-86d6-399a98af76e4,c76e63a0-d772-46cb-b87f-c9139d0ba924,TEST_ROOM,CURRENT_L3,9.609,A,0.000,11.000,true,2026-06-03T05:10:00Z
8241cee9-62d0-4f3e-87b8-d5471996b9b9,c76e63a0-d772-46cb-b87f-c9139d0ba924,TEST_ROOM,NOISE,99.246,dB,0.000,100.000,true,2026-06-03T05:10:00Z
3b5008a2-460a-4991-83ed-9bc31bd03800,deb2c5c2-5a1b-4715-b976-715839b15938,INLINE,LEAKAGE,0.200,mbar/s,0.000,1.000,true,2026-06-03T05:28:00Z
ff377f17-667d-4296-ad19-f98bfdeb024e,deb2c5c2-5a1b-4715-b976-715839b15938,INLINE,VDE_PE,0.125,Ohm,0.000,0.300,true,2026-06-03T05:28:00Z
16e73ab1-4d5c-4944-9bb5-8e83f4d0b548,deb2c5c2-5a1b-4715-b976-715839b15938,INLINE,FIRST_RUN,9.610,bar,9.500,10.500,true,2026-06-03T05:28:00Z
b8123d89-0e80-4f84-947f-43d56bc951d3,deb2c5c2-5a1b-4715-b976-715839b15938,TEST_ROOM,CURRENT_L1,9.960,A,0.000,11.000,true,2026-06-03T05:28:00Z
7b2a555f-7c26-4c14-817a-9a044c64d2be,deb2c5c2-5a1b-4715-b976-715839b15938,TEST_ROOM,CURRENT_L2,9.570,A,0.000,11.000,true,2026-06-03T05:28:00Z
930d4e16-18a3-41d1-b8ef-1aa3c1692c6c,deb2c5c2-5a1b-4715-b976-715839b15938,TEST_ROOM,CURRENT_L3,9.860,A,0.000,11.000,true,2026-06-03T05:28:00Z
b90f4e2f-0c32-4e1f-bed3-3406e531e02e,deb2c5c2-5a1b-4715-b976-715839b15938,TEST_ROOM,NOISE,90.894,dB,0.000,100.000,true,2026-06-03T05:28:00Z
61dc0a49-815b-4a62-9e83-60ce1c6e1db7,45b6a3ce-0a5e-4fac-a467-cc4eed39689b,INLINE,LEAKAGE,1.453,mbar/s,0.000,1.000,false,2026-06-03T05:46:00Z
f255b67c-8e56-489d-9328-5b3041a13d10,45b6a3ce-0a5e-4fac-a467-cc4eed39689b,INLINE,VDE_PE,0.249,Ohm,0.000,0.300,true,2026-06-03T05:46:00Z
30e35228-a82b-4174-9b61-bfbbb5edd3cb,45b6a3ce-0a5e-4fac-a467-cc4eed39689b,INLINE,FIRST_RUN,10.063,bar,9.500,10.500,true,2026-06-03T05:46:00Z
5e5961a8-bb5b-44ef-b055-33e0ca31021d,45b6a3ce-0a5e-4fac-a467-cc4eed39689b,TEST_ROOM,CURRENT_L1,9.730,A,0.000,11.000,true,2026-06-03T05:46:00Z
a6328964-8a90-4a12-95f2-66622ca904ee,45b6a3ce-0a5e-4fac-a467-cc4eed39689b,TEST_ROOM,CURRENT_L2,10.140,A,0.000,11.000,true,2026-06-03T05:46:00Z
c3d0d8ea-820b-4dfd-9254-004230fbbf1b,45b6a3ce-0a5e-4fac-a467-cc4eed39689b,TEST_ROOM,CURRENT_L3,9.970,A,0.000,11.000,true,2026-06-03T05:46:00Z
2a292448-3105-4b6e-9d89-dac7ea04ebf8,45b6a3ce-0a5e-4fac-a467-cc4eed39689b,TEST_ROOM,NOISE,88.183,dB,0.000,100.000,true,2026-06-03T05:46:00Z
5ad7852a-4658-4f41-befc-092ebde2e710,77dd4f05-6b31-4800-8de8-3106ac9dadac,INLINE,LEAKAGE,0.435,mbar/s,0.000,1.000,true,2026-06-03T06:04:00Z
8c6b9007-0e31-43a2-b790-6dc2a1e3dce3,77dd4f05-6b31-4800-8de8-3106ac9dadac,INLINE,VDE_PE,0.080,Ohm,0.000,0.300,true,2026-06-03T06:04:00Z
61f0249b-229c-4ae1-85e6-a993504dd676,77dd4f05-6b31-4800-8de8-3106ac9dadac,INLINE,FIRST_RUN,9.663,bar,9.500,10.500,true,2026-06-03T06:04:00Z
bf9e470e-6573-4311-970c-9181235f7f6f,77dd4f05-6b31-4800-8de8-3106ac9dadac,TEST_ROOM,CURRENT_L1,10.040,A,0.000,11.000,true,2026-06-03T06:04:00Z
0a3216f5-6105-44ac-868d-29ce2d6cc9e3,77dd4f05-6b31-4800-8de8-3106ac9dadac,TEST_ROOM,CURRENT_L2,9.670,A,0.000,11.000,true,2026-06-03T06:04:00Z
32f3572a-1974-4d84-8c5c-99f3cbdaf1f3,77dd4f05-6b31-4800-8de8-3106ac9dadac,TEST_ROOM,CURRENT_L3,9.760,A,0.000,11.000,true,2026-06-03T06:04:00Z
7ae0b3f5-f1f4-4a0b-b2fd-775933c51174,77dd4f05-6b31-4800-8de8-3106ac9dadac,TEST_ROOM,NOISE,86.543,dB,0.000,100.000,true,2026-06-03T06:04:00Z
f27b2dcd-06fa-4746-aea7-c0590d29cf6d,467f8265-e6cf-4b7d-a65b-c2fdb2dcdf52,INLINE,LEAKAGE,0.308,mbar/s,0.000,1.000,true,2026-06-03T06:22:00Z
83dcdf76-0891-4a4d-8f47-579dd159850c,467f8265-e6cf-4b7d-a65b-c2fdb2dcdf52,INLINE,VDE_PE,0.168,Ohm,0.000,0.300,true,2026-06-03T06:22:00Z
69be8912-a06b-48b1-b697-9546f487ab96,467f8265-e6cf-4b7d-a65b-c2fdb2dcdf52,INLINE,FIRST_RUN,10.162,bar,9.500,10.500,true,2026-06-03T06:22:00Z
8ee1ad57-d420-4b12-8ec1-6df4992aea3d,467f8265-e6cf-4b7d-a65b-c2fdb2dcdf52,TEST_ROOM,CURRENT_L1,9.850,A,0.000,11.000,true,2026-06-03T06:22:00Z
d6a475f2-3322-4b90-9710-ec04e4e9d163,467f8265-e6cf-4b7d-a65b-c2fdb2dcdf52,TEST_ROOM,CURRENT_L2,9.970,A,0.000,11.000,true,2026-06-03T06:22:00Z
aa53a7ec-8cf9-4b14-aa3a-0eb89c00d86c,467f8265-e6cf-4b7d-a65b-c2fdb2dcdf52,TEST_ROOM,CURRENT_L3,9.960,A,0.000,11.000,true,2026-06-03T06:22:00Z
9e2fcaac-005e-40c7-b768-f26bff3f773a,467f8265-e6cf-4b7d-a65b-c2fdb2dcdf52,TEST_ROOM,NOISE,84.317,dB,0.000,100.000,true,2026-06-03T06:22:00Z
